time,usage
2022-06-06 09:03:23,0.499379
2022-06-06 09:03:24,0.450254
2022-06-06 09:03:25,31.1283
2022-06-06 09:03:26,60.3426
2022-06-06 09:03:27,99.8015
2022-06-06 09:03:28,100
2022-06-06 09:03:29,100
2022-06-06 09:03:30,100
2022-06-06 09:03:31,100
2022-06-06 09:03:32,100
2022-06-06 09:03:33,100
2022-06-06 09:03:34,99.2526
2022-06-06 09:03:35,49.2902
2022-06-06 09:03:36,62.4057
2022-06-06 09:03:37,82.6529
2022-06-06 09:03:38,100
2022-06-06 09:03:39,100
2022-06-06 09:03:40,100
2022-06-06 09:03:41,100
2022-06-06 09:03:42,100
2022-06-06 09:03:43,100
2022-06-06 09:03:44,100
2022-06-06 09:03:45,86.6006
2022-06-06 09:03:46,40.3795
2022-06-06 09:03:47,61.895
2022-06-06 09:03:48,99.7015
2022-06-06 09:03:49,100
2022-06-06 09:03:50,100
2022-06-06 09:03:51,100
2022-06-06 09:03:52,100
2022-06-06 09:03:53,100
2022-06-06 09:03:54,98.2
2022-06-06 09:03:55,87.4201
2022-06-06 09:03:56,67.8147
2022-06-06 09:03:57,60.2483
2022-06-06 09:03:58,98.7065
2022-06-06 09:03:59,100
2022-06-06 09:04:00,100
2022-06-06 09:04:01,100
2022-06-06 09:04:02,100
2022-06-06 09:04:03,100
2022-06-06 09:04:04,99.0955
2022-06-06 09:04:05,89.6517
2022-06-06 09:04:06,80.7116
2022-06-06 09:04:07,69.7035
2022-06-06 09:04:08,99.2533
2022-06-06 09:04:09,100
2022-06-06 09:04:10,100
2022-06-06 09:04:11,100
2022-06-06 09:04:12,99.95
2022-06-06 09:04:13,100
2022-06-06 09:04:14,98.005
2022-06-06 09:04:15,84.5802
2022-06-06 09:04:16,76.3873
2022-06-06 09:04:17,94.4338
2022-06-06 09:04:18,99.9501
2022-06-06 09:04:19,100
2022-06-06 09:04:20,100
2022-06-06 09:04:21,100
2022-06-06 09:04:22,100
2022-06-06 09:04:23,98.9578
2022-06-06 09:04:24,96.7356
2022-06-06 09:04:25,72.4181
2022-06-06 09:04:26,71.4322
2022-06-06 09:04:27,98.628
2022-06-06 09:04:28,100
2022-06-06 09:04:29,100
2022-06-06 09:04:30,100
2022-06-06 09:04:31,100
2022-06-06 09:04:32,98.4962
2022-06-06 09:04:33,99.55
2022-06-06 09:04:34,94.9561
2022-06-06 09:04:35,81.752
2022-06-06 09:04:36,71.6978
2022-06-06 09:04:37,84.0733
2022-06-06 09:04:38,96.5672
2022-06-06 09:04:39,100
2022-06-06 09:04:40,100
2022-06-06 09:04:41,99.0025
2022-06-06 09:04:42,100
2022-06-06 09:04:43,93.9613
2022-06-06 09:04:44,90.8478
2022-06-06 09:04:45,87.8873
2022-06-06 09:04:46,79.0472
2022-06-06 09:04:47,81.6456
2022-06-06 09:04:48,89.6725
2022-06-06 09:04:49,99.3052
2022-06-06 09:04:50,99.7531
2022-06-06 09:04:51,100
2022-06-06 09:04:52,98.944
2022-06-06 09:04:53,94.6609
2022-06-06 09:04:54,88.526
2022-06-06 09:04:55,87.4333
2022-06-06 09:04:56,78.8696
2022-06-06 09:04:57,84.6872
2022-06-06 09:04:58,92.1384
2022-06-06 09:04:59,99.2091
2022-06-06 09:05:00,97.4194
2022-06-06 09:05:01,98.1955
2022-06-06 09:05:02,97.85
2022-06-06 09:05:03,96.7603
2022-06-06 09:05:04,93.9102
2022-06-06 09:05:05,96.5254
2022-06-06 09:05:06,87.6579
2022-06-06 09:05:07,84.8817
2022-06-06 09:05:08,96.4223
2022-06-06 09:05:09,100
2022-06-06 09:05:10,95.8231
2022-06-06 09:05:11,99.7506
2022-06-06 09:05:12,97.65
2022-06-06 09:05:13,95.6784
2022-06-06 09:05:14,87.0844
2022-06-06 09:05:15,97.4207
2022-06-06 09:05:16,85.6535
2022-06-06 09:05:17,90.8844
2022-06-06 09:05:18,99.0547
2022-06-06 09:05:19,99.4514
2022-06-06 09:05:20,98.9258
2022-06-06 09:05:21,95.297
2022-06-06 09:05:22,99.8009
2022-06-06 09:05:23,88.3071
2022-06-06 09:05:24,88.9293
2022-06-06 09:05:25,97.8042
2022-06-06 09:05:26,86.0849
2022-06-06 09:05:27,87.054
2022-06-06 09:05:28,98.191
2022-06-06 09:05:29,92.3529
2022-06-06 09:05:30,98.6466
2022-06-06 09:05:31,95.6824
2022-06-06 09:05:32,100
2022-06-06 09:05:33,92.5536
2022-06-06 09:05:34,88.0224
2022-06-06 09:05:35,84.8572
2022-06-06 09:05:36,96.0538
2022-06-06 09:05:37,88.8814
2022-06-06 09:05:38,92.6357
2022-06-06 09:05:39,85.2068
2022-06-06 09:05:40,76.9571
2022-06-06 09:05:41,87.093
2022-06-06 09:05:42,98.8089
2022-06-06 09:05:43,99.2
2022-06-06 09:05:44,88.3683
2022-06-06 09:05:45,85.7365
2022-06-06 09:05:46,90.9228
2022-06-06 09:05:47,92.5062
2022-06-06 09:05:48,87.8974
2022-06-06 09:05:49,90.8
2022-06-06 09:05:50,85.2061
2022-06-06 09:05:51,88.4584
2022-06-06 09:05:52,96.1097
2022-06-06 09:05:53,92.6829
2022-06-06 09:05:54,87.3336
2022-06-06 09:05:55,98.0568
2022-06-06 09:05:56,100
2022-06-06 09:05:57,99.95
2022-06-06 09:05:58,92.8153
2022-06-06 09:05:59,84.2146
2022-06-06 09:06:00,92.326
2022-06-06 09:06:01,84.1171
2022-06-06 09:06:02,93.5756
2022-06-06 09:06:03,97.1357
2022-06-06 09:06:04,87.6742
2022-06-06 09:06:05,99.4059
2022-06-06 09:06:06,100
2022-06-06 09:06:07,100
2022-06-06 09:06:08,94.5895
2022-06-06 09:06:09,85.3774
2022-06-06 09:06:10,96.4592
2022-06-06 09:06:11,88.0696
2022-06-06 09:06:12,96.4792
2022-06-06 09:06:13,89.2866
2022-06-06 09:06:14,88.6615
2022-06-06 09:06:15,98.0549
2022-06-06 09:06:16,100
2022-06-06 09:06:17,100
2022-06-06 09:06:18,94.6366
2022-06-06 09:06:19,73.6813
2022-06-06 09:06:20,85.7356
2022-06-06 09:06:21,85.2287
2022-06-06 09:06:22,92.6406
2022-06-06 09:06:23,99.1066
2022-06-06 09:06:24,92.2807
2022-06-06 09:06:25,97.6413
2022-06-06 09:06:26,100
2022-06-06 09:06:27,100
2022-06-06 09:06:28,99.2
2022-06-06 09:06:29,88.2933
2022-06-06 09:06:30,84.6383
2022-06-06 09:06:31,84.1251
2022-06-06 09:06:32,90.9875
2022-06-06 09:06:33,96.7
2022-06-06 09:06:34,89.9748
2022-06-06 09:06:35,97.2
2022-06-06 09:06:36,100
2022-06-06 09:06:37,100
2022-06-06 09:06:38,94.2
2022-06-06 09:06:39,88.9722
2022-06-06 09:06:40,86.0534
2022-06-06 09:06:41,95.3282
2022-06-06 09:06:42,92.6551
2022-06-06 09:06:43,99.4501
2022-06-06 09:06:44,86.7337
2022-06-06 09:06:45,89.005
2022-06-06 09:06:46,97.9653
2022-06-06 09:06:47,99.95
2022-06-06 09:06:48,95.5012
2022-06-06 09:06:49,81.7367
2022-06-06 09:06:50,81.7039
2022-06-06 09:06:51,80.5269
2022-06-06 09:06:52,89.1666
2022-06-06 09:06:53,100
2022-06-06 09:06:54,99.7007
2022-06-06 09:06:55,92.6055
2022-06-06 09:06:56,97.5
2022-06-06 09:06:57,100
2022-06-06 09:06:58,97.6861
2022-06-06 09:06:59,91.2985
2022-06-06 09:07:00,85.8814
2022-06-06 09:07:01,87.5635
2022-06-06 09:07:02,87.4516
2022-06-06 09:07:03,98.1683
2022-06-06 09:07:04,93.037
2022-06-06 09:07:05,89.1542
2022-06-06 09:07:06,97.6733
2022-06-06 09:07:07,99.4527
2022-06-06 09:07:08,95.2468
2022-06-06 09:07:09,84.1849
2022-06-06 09:07:10,82.9929
2022-06-06 09:07:11,89.7669
2022-06-06 09:07:12,91.7224
2022-06-06 09:07:13,97.3267
2022-06-06 09:07:14,99.7494
2022-06-06 09:07:15,88.806
2022-06-06 09:07:16,94.505
2022-06-06 09:07:17,100
2022-06-06 09:07:18,93.5451
2022-06-06 09:07:19,81.6113
2022-06-06 09:07:20,85.8682
2022-06-06 09:07:21,85.6284
2022-06-06 09:07:22,94.532
2022-06-06 09:07:23,98.8177
2022-06-06 09:07:24,96.2312
2022-06-06 09:07:25,90.716
2022-06-06 09:07:26,97.1499
2022-06-06 09:07:27,100
2022-06-06 09:07:28,98.7531
2022-06-06 09:07:29,92.9
2022-06-06 09:07:30,81.8673
2022-06-06 09:07:31,74.71
2022-06-06 09:07:32,93.0303
2022-06-06 09:07:33,98.5502
2022-06-06 09:07:34,96.4
2022-06-06 09:07:35,94.1235
2022-06-06 09:07:36,97.0443
2022-06-06 09:07:37,100
2022-06-06 09:07:38,98.806
2022-06-06 09:07:39,91.6541
2022-06-06 09:07:40,92.7139
2022-06-06 09:07:41,80.7012
2022-06-06 09:07:42,96.1045
2022-06-06 09:07:43,95.7208
2022-06-06 09:07:44,95.7816
2022-06-06 09:07:45,97.4627
2022-06-06 09:07:46,100
2022-06-06 09:07:47,100
2022-06-06 09:07:48,91.629
2022-06-06 09:07:49,91.7389
2022-06-06 09:07:50,86.3536
2022-06-06 09:07:51,81.0019
2022-06-06 09:07:52,95.2431
2022-06-06 09:07:53,96.2189
2022-06-06 09:07:54,90.5392
2022-06-06 09:07:55,98.6139
2022-06-06 09:07:56,100
2022-06-06 09:07:57,100
2022-06-06 09:07:58,89.341
2022-06-06 09:07:59,88.4645
2022-06-06 09:08:00,89.5576
2022-06-06 09:08:01,82.8961
2022-06-06 09:08:02,92.0354
2022-06-06 09:08:03,96.7419
2022-06-06 09:08:04,89.3917
2022-06-06 09:08:05,96.5
2022-06-06 09:08:06,100
2022-06-06 09:08:07,100
2022-06-06 09:08:08,90.2544
2022-06-06 09:08:09,88.4257
2022-06-06 09:08:10,94.4087
2022-06-06 09:08:11,84.5038
2022-06-06 09:08:12,90.7709
2022-06-06 09:08:13,99.1521
2022-06-06 09:08:14,90.4304
2022-06-06 09:08:15,96.6102
2022-06-06 09:08:16,99.9507
2022-06-06 09:08:17,99.9505
2022-06-06 09:08:18,89.3395
2022-06-06 09:08:19,85.5517
2022-06-06 09:08:20,95.3385
2022-06-06 09:08:21,84.9349
2022-06-06 09:08:22,94.1662
2022-06-06 09:08:23,95.7107
2022-06-06 09:08:24,90.8134
2022-06-06 09:08:25,98.6634
2022-06-06 09:08:26,100
2022-06-06 09:08:27,100
2022-06-06 09:08:28,94.1885
2022-06-06 09:08:29,80.451
2022-06-06 09:08:30,86.5754
2022-06-06 09:08:31,75.9397
2022-06-06 09:08:32,81.911
2022-06-06 09:08:33,97.8554
2022-06-06 09:08:34,94.5933
2022-06-06 09:08:35,100
2022-06-06 09:08:36,100
2022-06-06 09:08:37,100
2022-06-06 09:08:38,98.797
2022-06-06 09:08:39,90.3686
2022-06-06 09:08:40,95.4031
2022-06-06 09:08:41,76.3283
2022-06-06 09:08:42,82.2602
2022-06-06 09:08:43,94.8709
2022-06-06 09:08:44,95.534
2022-06-06 09:08:45,100
2022-06-06 09:08:46,100
2022-06-06 09:08:47,100
2022-06-06 09:08:48,100
2022-06-06 09:08:49,91.2992
2022-06-06 09:08:50,95.8685
2022-06-06 09:08:51,76.8859
2022-06-06 09:08:52,79.2005
2022-06-06 09:08:53,89.1591
2022-06-06 09:08:54,96.6085
2022-06-06 09:08:55,100
2022-06-06 09:08:56,100
2022-06-06 09:08:57,100
2022-06-06 09:08:58,99.0476
2022-06-06 09:08:59,89.3564
2022-06-06 09:09:00,97.8446
2022-06-06 09:09:01,82.8724
2022-06-06 09:09:02,82.7571
2022-06-06 09:09:03,91.1476
2022-06-06 09:09:04,95.9124
2022-06-06 09:09:05,100
2022-06-06 09:09:06,100
2022-06-06 09:09:07,100
2022-06-06 09:09:08,98.9975
2022-06-06 09:09:09,92.132
2022-06-06 09:09:10,95.4667
2022-06-06 09:09:11,83.4516
2022-06-06 09:09:12,77.8884
2022-06-06 09:09:13,89.8747
2022-06-06 09:09:14,95.3
2022-06-06 09:09:15,100
2022-06-06 09:09:16,100
2022-06-06 09:09:17,100
2022-06-06 09:09:18,98.2222
2022-06-06 09:09:19,86.0617
2022-06-06 09:09:20,89.8995
2022-06-06 09:09:21,91.2287
2022-06-06 09:09:22,89.8589
2022-06-06 09:09:23,89.4052
2022-06-06 09:09:24,95.3616
2022-06-06 09:09:25,100
2022-06-06 09:09:26,100
2022-06-06 09:09:27,99.9501
2022-06-06 09:09:28,98.9055
2022-06-06 09:09:29,92.0517
2022-06-06 09:09:30,83.9226
2022-06-06 09:09:31,81.3569
2022-06-06 09:09:32,92.8889
2022-06-06 09:09:33,91.4791
2022-06-06 09:09:34,92.4205
2022-06-06 09:09:35,100
2022-06-06 09:09:36,100
2022-06-06 09:09:37,100
2022-06-06 09:09:38,96.5172
2022-06-06 09:09:39,86.9667
2022-06-06 09:09:40,84.5727
2022-06-06 09:09:41,79.3811
2022-06-06 09:09:42,88.896
2022-06-06 09:09:43,96.4303
2022-06-06 09:09:44,95.1707
2022-06-06 09:09:45,100
2022-06-06 09:09:46,100
2022-06-06 09:09:47,100
2022-06-06 09:09:48,98.6364
2022-06-06 09:09:49,89.886
2022-06-06 09:09:50,80.4238
2022-06-06 09:09:51,94.6467
2022-06-06 09:09:52,88.7635
2022-06-06 09:09:53,90.2651
2022-06-06 09:09:54,96.2593
2022-06-06 09:09:55,100
2022-06-06 09:09:56,100
2022-06-06 09:09:57,100
2022-06-06 09:09:58,98.9525
2022-06-06 09:09:59,95.1798
2022-06-06 09:10:00,76.2697
2022-06-06 09:10:01,83.3952
2022-06-06 09:10:02,93.0367
2022-06-06 09:10:03,92.1212
2022-06-06 09:10:04,95.3317
2022-06-06 09:10:05,100
2022-06-06 09:10:06,99.95
2022-06-06 09:10:07,100
2022-06-06 09:10:08,96.5507
2022-06-06 09:10:09,95.6019
2022-06-06 09:10:10,82.0073
2022-06-06 09:10:11,85.0246
2022-06-06 09:10:12,88.5398
2022-06-06 09:10:13,88.4104
2022-06-06 09:10:14,95.3317
2022-06-06 09:10:15,100
2022-06-06 09:10:16,100
2022-06-06 09:10:17,99.9499
2022-06-06 09:10:18,97.3696
2022-06-06 09:10:19,90.7659
2022-06-06 09:10:20,86.8657
2022-06-06 09:10:21,94.1747
2022-06-06 09:10:22,89.4952
2022-06-06 09:10:23,90.5234
2022-06-06 09:10:24,98.0149
2022-06-06 09:10:25,100
2022-06-06 09:10:26,100
2022-06-06 09:10:27,100
2022-06-06 09:10:28,94.777
2022-06-06 09:10:29,83.8179
2022-06-06 09:10:30,85.0096
2022-06-06 09:10:31,96.6584
2022-06-06 09:10:32,89.2143
2022-06-06 09:10:33,90.3087
2022-06-06 09:10:34,97.9703
2022-06-06 09:10:35,100
2022-06-06 09:10:36,100
2022-06-06 09:10:37,100
2022-06-06 09:10:38,93.2232
2022-06-06 09:10:39,84.3839
2022-06-06 09:10:40,81.4356
2022-06-06 09:10:41,93.0922
2022-06-06 09:10:42,88.096
2022-06-06 09:10:43,88.6175
2022-06-06 09:10:44,94.7264
2022-06-06 09:10:45,100
2022-06-06 09:10:46,99.9502
2022-06-06 09:10:47,100
2022-06-06 09:10:48,98.392
2022-06-06 09:10:49,82.9472
2022-06-06 09:10:50,86.0607
2022-06-06 09:10:51,95.28
2022-06-06 09:10:52,90.8148
2022-06-06 09:10:53,93.8535
2022-06-06 09:10:54,95.098
2022-06-06 09:10:55,100
2022-06-06 09:10:56,100
2022-06-06 09:10:57,100
2022-06-06 09:10:58,96.6749
2022-06-06 09:10:59,86.5859
2022-06-06 09:11:00,83.4657
2022-06-06 09:11:01,92.4008
2022-06-06 09:11:02,89.5727
2022-06-06 09:11:03,89.8886
2022-06-06 09:11:04,94.7208
2022-06-06 09:11:05,100
2022-06-06 09:11:06,100
2022-06-06 09:11:07,100
2022-06-06 09:11:08,95.0495
2022-06-06 09:11:09,82.6265
2022-06-06 09:11:10,88.7957
2022-06-06 09:11:11,89.5339
2022-06-06 09:11:12,89.9005
2022-06-06 09:11:13,94.4231
2022-06-06 09:11:14,91.0327
2022-06-06 09:11:15,99.901
2022-06-06 09:11:16,99.9497
2022-06-06 09:11:17,100
2022-06-06 09:11:18,93.6524
2022-06-06 09:11:19,82.9152
2022-06-06 09:11:20,85.111
2022-06-06 09:11:21,88.3593
2022-06-06 09:11:22,80.799
2022-06-06 09:11:23,92.704
2022-06-06 09:11:24,90.9852
2022-06-06 09:11:25,99.8
2022-06-06 09:11:26,100
2022-06-06 09:11:27,100
2022-06-06 09:11:28,98.2543
2022-06-06 09:11:29,86.4727
2022-06-06 09:11:30,88.5696
2022-06-06 09:11:31,96.1697
2022-06-06 09:11:32,83.8301
2022-06-06 09:11:33,92.6243
2022-06-06 09:11:34,89.9012
2022-06-06 09:11:35,99.9
2022-06-06 09:11:36,100
2022-06-06 09:11:37,100
2022-06-06 09:11:38,94.0896
2022-06-06 09:11:39,85.0004
2022-06-06 09:11:40,93.8151
2022-06-06 09:11:41,87.4509
2022-06-06 09:11:42,83.4723
2022-06-06 09:11:43,94.2517
2022-06-06 09:11:44,90.4947
2022-06-06 09:11:45,99.75
2022-06-06 09:11:46,100
2022-06-06 09:11:47,100
2022-06-06 09:11:48,90.269
2022-06-06 09:11:49,87.9815
2022-06-06 09:11:50,96.3317
2022-06-06 09:11:51,93.8598
2022-06-06 09:11:52,85.7542
2022-06-06 09:11:53,91.7748
2022-06-06 09:11:54,94.6667
2022-06-06 09:11:55,99.9501
2022-06-06 09:11:56,100
2022-06-06 09:11:57,100
2022-06-06 09:11:58,90.8134
2022-06-06 09:11:59,88.5616
2022-06-06 09:12:00,98.607
2022-06-06 09:12:01,92.7723
2022-06-06 09:12:02,91.0528
2022-06-06 09:12:03,90.5316
2022-06-06 09:12:04,96.6502
2022-06-06 09:12:05,100
2022-06-06 09:12:06,100
2022-06-06 09:12:07,97.7114
2022-06-06 09:12:08,87.4584
2022-06-06 09:12:09,87.339
2022-06-06 09:12:10,100
2022-06-06 09:12:11,87.9145
2022-06-06 09:12:12,81.6491
2022-06-06 09:12:13,90.0426
2022-06-06 09:12:14,94.9254
2022-06-06 09:12:15,100
2022-06-06 09:12:16,100
2022-06-06 09:12:17,100
2022-06-06 09:12:18,89.3254
2022-06-06 09:12:19,83.9755
2022-06-06 09:12:20,100
2022-06-06 09:12:21,98.9596
2022-06-06 09:12:22,80.5089
2022-06-06 09:12:23,87.102
2022-06-06 09:12:24,93.7186
2022-06-06 09:12:25,99.9002
2022-06-06 09:12:26,100
2022-06-06 09:12:27,100
2022-06-06 09:12:28,90.1524
2022-06-06 09:12:29,84.3055
2022-06-06 09:12:30,100
2022-06-06 09:12:31,95.75
2022-06-06 09:12:32,92.4395
2022-06-06 09:12:33,85.2214
2022-06-06 09:12:34,96.7581
2022-06-06 09:12:35,100
2022-06-06 09:12:36,100
2022-06-06 09:12:37,100
2022-06-06 09:12:38,90.251
2022-06-06 09:12:39,84.029
2022-06-06 09:12:40,98.9383
2022-06-06 09:12:41,88.3134
2022-06-06 09:12:42,89.8707
2022-06-06 09:12:43,91
2022-06-06 09:12:44,88.3085
2022-06-06 09:12:45,92.3902
2022-06-06 09:12:46,100
2022-06-06 09:12:47,97.8653
2022-06-06 09:12:48,91.4349
2022-06-06 09:12:49,90.523
2022-06-06 09:12:50,93.81
2022-06-06 09:12:51,90.8111
2022-06-06 09:12:52,86.7498
2022-06-06 09:12:53,96.4736
2022-06-06 09:12:54,95.2334
2022-06-06 09:12:55,96.2371
2022-06-06 09:12:56,100
2022-06-06 09:12:57,92.5207
2022-06-06 09:12:58,84.5211
2022-06-06 09:12:59,92.4748
2022-06-06 09:13:00,100
2022-06-06 09:13:01,94.3685
2022-06-06 09:13:02,84.6047
2022-06-06 09:13:03,97.1581
2022-06-06 09:13:04,91.1111
2022-06-06 09:13:05,89.397
2022-06-06 09:13:06,88.1407
2022-06-06 09:13:07,89.8673
2022-06-06 09:13:08,80.5218
2022-06-06 09:13:09,93.546
2022-06-06 09:13:10,100
2022-06-06 09:13:11,98.3582
2022-06-06 09:13:12,83.8306
2022-06-06 09:13:13,97.3126
2022-06-06 09:13:14,100
2022-06-06 09:13:15,100
2022-06-06 09:13:16,92.2507
2022-06-06 09:13:17,88.6951
2022-06-06 09:13:18,83.7949
2022-06-06 09:13:19,96.3466
2022-06-06 09:13:20,100
2022-06-06 09:13:21,91.6081
2022-06-06 09:13:22,87.4206
2022-06-06 09:13:23,98.7593
2022-06-06 09:13:24,100
2022-06-06 09:13:25,100
2022-06-06 09:13:26,96.1097
2022-06-06 09:13:27,81.9029
2022-06-06 09:13:28,72.4112
2022-06-06 09:13:29,97.8803
2022-06-06 09:13:30,100
2022-06-06 09:13:31,89.0453
2022-06-06 09:13:32,80.724
2022-06-06 09:13:33,97.8554
2022-06-06 09:13:34,100
2022-06-06 09:13:35,99.9504
2022-06-06 09:13:36,96.952
2022-06-06 09:13:37,89.447
2022-06-06 09:13:38,77.1682
2022-06-06 09:13:39,97.7783
2022-06-06 09:13:40,99.9501
2022-06-06 09:13:41,97.5073
2022-06-06 09:13:42,84.901
2022-06-06 09:13:43,95.5252
2022-06-06 09:13:44,100
2022-06-06 09:13:45,100
2022-06-06 09:13:46,92.7607
2022-06-06 09:13:47,90.1783
2022-06-06 09:13:48,83.3917
2022-06-06 09:13:49,97.7284
2022-06-06 09:13:50,100
2022-06-06 09:13:51,90.6372
2022-06-06 09:13:52,86.0033
2022-06-06 09:13:53,98.5112
2022-06-06 09:13:54,99.9501
2022-06-06 09:13:55,99.1919
2022-06-06 09:13:56,91.628
2022-06-06 09:13:57,83.9855
2022-06-06 09:13:58,63.8808
2022-06-06 09:13:59,60.1003
2022-06-06 09:14:00,60.7519
2022-06-06 09:14:01,57.0208
2022-06-06 09:14:02,46.8006
2022-06-06 09:14:03,57.6242
2022-06-06 09:14:04,60.0501
2022-06-06 09:14:05,60.1003
2022-06-06 09:14:06,48.0507
2022-06-06 09:14:07,40.5061
2022-06-06 09:14:08,41.0075
2022-06-06 09:14:09,40.2498
2022-06-06 09:14:10,40.2503
2022-06-06 09:14:11,31.0949
2022-06-06 09:14:12,6.90346
2022-06-06 09:14:13,15.6637
2022-06-06 09:14:14,4.00242
2022-06-06 09:14:15,2.45415
2022-06-06 09:14:16,6.51179
2022-06-06 09:14:17,5.40547
2022-06-06 09:14:18,3.81082
2022-06-06 09:14:19,4.25137
2022-06-06 09:14:20,3.77328
2022-06-06 09:14:21,4.01738
2022-06-06 09:14:22,2.42505
2022-06-06 09:14:23,4.1287
2022-06-06 09:14:24,1.82832
2022-06-06 09:14:25,6.35497
2022-06-06 09:14:26,4.81699
2022-06-06 09:14:27,4.52971
2022-06-06 09:14:28,3.37586
2022-06-06 09:14:29,3.97063
2022-06-06 09:14:30,2.56781
2022-06-06 09:14:31,4.3118
2022-06-06 09:14:32,4.24342
2022-06-06 09:14:33,3.87889
2022-06-06 09:14:34,4.71717
2022-06-06 09:14:35,5.01071
2022-06-06 09:14:36,5.75677
2022-06-06 09:14:37,4.17205
2022-06-06 09:14:38,3.05664
2022-06-06 09:14:39,4.69591
2022-06-06 09:14:40,4.10865
2022-06-06 09:14:41,4.51826
2022-06-06 09:14:42,4.67329
2022-06-06 09:14:43,12.1424
2022-06-06 09:14:44,3.05257
2022-06-06 09:14:45,4.95802
2022-06-06 09:14:46,7.04398
2022-06-06 09:14:47,5.09417
2022-06-06 09:14:48,4.24885
2022-06-06 09:14:49,0.3
2022-06-06 09:14:50,3.10771
2022-06-06 09:14:51,5.40922
2022-06-06 09:14:52,4.73262
2022-06-06 09:14:53,5.77129
2022-06-06 09:14:54,5.71799
2022-06-06 09:14:55,4.83273
2022-06-06 09:14:56,4.69208
2022-06-06 09:14:57,4.11649
2022-06-06 09:14:58,3.10602
2022-06-06 09:14:59,4.06131
2022-06-06 09:15:00,4.31451
2022-06-06 09:15:01,6.50328
2022-06-06 09:15:02,5.53011
2022-06-06 09:15:03,2.60289
2022-06-06 09:15:04,1.001
2022-06-06 09:15:05,4.23598
2022-06-06 09:15:06,5.60921
2022-06-06 09:15:07,5.11064
2022-06-06 09:15:08,3.37031
2022-06-06 09:15:09,0.70177
2022-06-06 09:15:10,4.8662
2022-06-06 09:15:11,3.83507
2022-06-06 09:15:12,6.10183
2022-06-06 09:15:13,4.71864
2022-06-06 09:15:14,0.500508
2022-06-06 09:15:15,3.41774
2022-06-06 09:15:16,4.74545
2022-06-06 09:15:17,7.00144
2022-06-06 09:15:18,3.5079
2022-06-06 09:15:19,0.599002
2022-06-06 09:15:20,4.018
2022-06-06 09:15:21,3.96005
2022-06-06 09:15:22,7.30712
2022-06-06 09:15:23,4.44559
2022-06-06 09:15:24,0.250376
2022-06-06 09:15:25,1.34788
2022-06-06 09:15:26,5.47562
2022-06-06 09:15:27,5.39381
2022-06-06 09:15:28,5.61487
2022-06-06 09:15:29,4.6658
2022-06-06 09:15:30,4.37063
2022-06-06 09:15:31,4.40949
2022-06-06 09:15:32,4.10682
2022-06-06 09:15:33,2.81021
2022-06-06 09:15:34,0.449877
2022-06-06 09:15:35,2.45846
2022-06-06 09:15:36,4.5073
2022-06-06 09:15:37,3.50854
2022-06-06 09:15:38,3.97168
2022-06-06 09:15:39,0.500254
2022-06-06 09:15:40,3.54291
2022-06-06 09:15:41,3.8104
2022-06-06 09:15:42,5.00223
2022-06-06 09:15:43,3.30466
2022-06-06 09:15:44,0.350251
2022-06-06 09:15:45,1.55376
2022-06-06 09:15:46,3.95492
2022-06-06 09:15:47,4.11796
2022-06-06 09:15:48,4.11247
2022-06-06 09:15:49,0.700759
2022-06-06 09:15:50,1.15339
2022-06-06 09:15:51,4.2529
2022-06-06 09:15:52,3.41145
2022-06-06 09:15:53,3.26571
2022-06-06 09:15:54,0.401006
2022-06-06 09:15:55,1.1044
2022-06-06 09:15:56,3.51457
2022-06-06 09:15:57,4.40242
2022-06-06 09:15:58,3.71434
2022-06-06 09:15:59,0.552145
2022-06-06 09:16:00,1.05366
2022-06-06 09:16:01,4.7022
2022-06-06 09:16:02,5.56321
2022-06-06 09:16:03,7.57596
2022-06-06 09:16:04,0.649128
2022-06-06 09:16:05,1.00566
2022-06-06 09:16:06,6.15898
2022-06-06 09:16:07,3.65833
2022-06-06 09:16:08,9.76608
2022-06-06 09:16:09,1.56414
2022-06-06 09:16:10,1.04739
2022-06-06 09:16:11,6.17896
2022-06-06 09:16:12,7.76655
2022-06-06 09:16:13,7.73157
2022-06-06 09:16:14,4.3656
2022-06-06 09:16:15,0.300251
2022-06-06 09:16:16,4.88276
2022-06-06 09:16:17,6.23439
2022-06-06 09:16:18,7.14644
2022-06-06 09:16:19,0.849501
2022-06-06 09:16:20,2.45067
2022-06-06 09:16:21,6.50239
2022-06-06 09:16:22,7.03265
2022-06-06 09:16:23,4.56268
2022-06-06 09:16:24,0.549258
2022-06-06 09:16:25,2.77601
2022-06-06 09:16:26,7.35376
2022-06-06 09:16:27,4.13662
2022-06-06 09:16:28,6.22474
2022-06-06 09:16:29,4.30025
2022-06-06 09:16:30,0.350501
2022-06-06 09:16:31,5.33386
2022-06-06 09:16:32,10.211
2022-06-06 09:16:33,7.50749
2022-06-06 09:16:34,1.85729
2022-06-06 09:16:35,0.601389
2022-06-06 09:16:36,7.46846
2022-06-06 09:16:37,6.84016
2022-06-06 09:16:38,6.28078
2022-06-06 09:16:39,0.549006
2022-06-06 09:16:40,4.00902
2022-06-06 09:16:41,6.30483
2022-06-06 09:16:42,6.29009
2022-06-06 09:16:43,6.7626
2022-06-06 09:16:44,2.19975
2022-06-06 09:16:45,1.30153
2022-06-06 09:16:46,6.89346
2022-06-06 09:16:47,8.24054
2022-06-06 09:16:48,7.7526
2022-06-06 09:16:49,4.25949
2022-06-06 09:16:50,0.650125
2022-06-06 09:16:51,7.09423
2022-06-06 09:16:52,5.79825
2022-06-06 09:16:53,4.1766
2022-06-06 09:16:54,2.69154
2022-06-06 09:16:55,0.349751
2022-06-06 09:16:56,3.367
2022-06-06 09:16:57,4.68835
2022-06-06 09:16:58,3.81725
2022-06-06 09:16:59,3.08765
2022-06-06 09:17:00,0.299877
2022-06-06 09:17:01,2.60312
2022-06-06 09:17:02,5.8694
2022-06-06 09:17:03,4.02095
2022-06-06 09:17:04,1.50264
2022-06-06 09:17:05,0.349877
2022-06-06 09:17:06,1.35972
2022-06-06 09:17:07,4.35033
2022-06-06 09:17:08,4.29669
2022-06-06 09:17:09,5.54954
2022-06-06 09:17:10,0.699632
2022-06-06 09:17:11,0.90352
2022-06-06 09:17:12,3.82959
2022-06-06 09:17:13,3.83396
2022-06-06 09:17:14,3.51826
2022-06-06 09:17:15,0.449626
2022-06-06 09:17:16,0.449377
2022-06-06 09:17:17,2.90904
2022-06-06 09:17:18,4.19874
2022-06-06 09:17:19,4.0791
2022-06-06 09:17:20,2.99297
2022-06-06 09:17:21,0.349626
2022-06-06 09:17:22,4.06822
2022-06-06 09:17:23,4.46987
2022-06-06 09:17:24,3.38745
2022-06-06 09:17:25,4.01914
2022-06-06 09:17:26,1.50882
2022-06-06 09:17:27,0.149626
2022-06-06 09:17:28,0.499753
2022-06-06 09:17:29,0.400379
2022-06-06 09:17:30,4.41975
2022-06-06 09:17:31,3.41384
2022-06-06 09:17:32,3.98135
2022-06-06 09:17:33,4.1701
2022-06-06 09:17:34,1.40465
2022-06-06 09:17:35,0.350251
2022-06-06 09:17:36,0.547768
2022-06-06 09:17:37,3.41659
2022-06-06 09:17:38,4.42143
2022-06-06 09:17:39,3.7848
2022-06-06 09:17:40,0.600376
2022-06-06 09:17:41,1.10515
2022-06-06 09:17:42,3.32539
2022-06-06 09:17:43,4.67212
2022-06-06 09:17:44,1.76798
2022-06-06 09:17:45,0.350251
2022-06-06 09:17:46,2.36499
2022-06-06 09:17:47,4.10774
2022-06-06 09:17:48,2.51663
2022-06-06 09:17:49,2.82181
2022-06-06 09:17:50,1.35717
2022-06-06 09:17:51,0.449877
2022-06-06 09:17:52,3.41219
2022-06-06 09:17:53,3.82285
2022-06-06 09:17:54,2.60981
2022-06-06 09:17:55,2.04576
2022-06-06 09:17:56,0.250502
2022-06-06 09:17:57,2.25013
2022-06-06 09:17:58,3.7536
2022-06-06 09:17:59,3.73883
2022-06-06 09:18:00,1.60957
2022-06-06 09:18:01,0.300002
2022-06-06 09:18:02,1.05276
2022-06-06 09:18:03,4.66498
2022-06-06 09:18:04,3.17598
2022-06-06 09:18:05,0.250376
2022-06-06 09:18:06,1.77432
2022-06-06 09:18:07,3.88987
2022-06-06 09:18:08,2.63842
2022-06-06 09:18:09,2.66006
2022-06-06 09:18:10,0.650127
2022-06-06 09:18:11,0.899877
2022-06-06 09:18:12,4.13108
2022-06-06 09:18:13,3.84035
2022-06-06 09:18:14,1.76196
2022-06-06 09:18:15,0.350376
2022-06-06 09:18:16,0.250376
2022-06-06 09:18:17,0.350251
2022-06-06 09:18:18,0.349755
2022-06-06 09:18:19,1.77038
2022-06-06 09:18:20,0.300502
2022-06-06 09:18:21,0.350251
2022-06-06 09:18:22,0.249751
2022-06-06 09:18:23,0.906044
2022-06-06 09:18:24,6.83393
2022-06-06 09:18:25,1.70616
2022-06-06 09:18:26,0.250251
2022-06-06 09:18:27,0.450251
2022-06-06 09:18:28,0.350127
2022-06-06 09:18:29,6.18775
2022-06-06 09:18:30,4.23757
2022-06-06 09:18:31,0.449627
2022-06-06 09:18:32,0.300376
2022-06-06 09:18:33,0.399381
2022-06-06 09:18:34,4.80763
2022-06-06 09:18:35,7.14731
2022-06-06 09:18:36,6.3649
2022-06-06 09:18:37,1.60781
2022-06-06 09:18:38,0.250502
2022-06-06 09:18:39,4.85379
2022-06-06 09:18:40,2.52337
2022-06-06 09:18:41,0.65088
2022-06-06 09:18:42,0.300001
2022-06-06 09:18:43,0.250377
2022-06-06 09:18:44,0.952012
2022-06-06 09:18:45,5.71996
2022-06-06 09:18:46,6.19565
2022-06-06 09:18:47,4.31788
2022-06-06 09:18:48,0.551382
2022-06-06 09:18:49,1.40103
2022-06-06 09:18:50,4.54683
2022-06-06 09:18:51,2.55879
2022-06-06 09:18:52,0.250251
2022-06-06 09:18:53,0.350003
2022-06-06 09:18:54,0.751005
2022-06-06 09:18:55,4.0854
2022-06-06 09:18:56,4.6738
2022-06-06 09:18:57,4.73259
2022-06-06 09:18:58,2.81156
2022-06-06 09:18:59,0.300002
2022-06-06 09:19:00,3.60465
2022-06-06 09:19:01,3.30642
2022-06-06 09:19:02,0.399005
2022-06-06 09:19:03,0.602638
2022-06-06 09:19:04,5.74881
2022-06-06 09:19:05,4.45871
2022-06-06 09:19:06,3.31396
2022-06-06 09:19:07,0.300001
2022-06-06 09:19:08,2.30233
2022-06-06 09:19:09,4.02659
2022-06-06 09:19:10,4.99622
2022-06-06 09:19:11,2.70559
2022-06-06 09:19:12,0.249751
2022-06-06 09:19:13,0.350502
2022-06-06 09:19:14,2.8592
2022-06-06 09:19:15,4.07432
2022-06-06 09:19:16,4.16284
2022-06-06 09:19:17,1.39629
2022-06-06 09:19:18,0.5
2022-06-06 09:19:19,0.953779
2022-06-06 09:19:20,5.21249
2022-06-06 09:19:21,4.16824
2022-06-06 09:19:22,4.07072
2022-06-06 09:19:23,0.350251
2022-06-06 09:19:24,1.20389
2022-06-06 09:19:25,4.0622
2022-06-06 09:19:26,4.22635
2022-06-06 09:19:27,3.01312
2022-06-06 09:19:28,1.96831
2022-06-06 09:19:29,1.0015
2022-06-06 09:19:30,4.20701
2022-06-06 09:19:31,3.94641
2022-06-06 09:19:32,4.93925
2022-06-06 09:19:33,1.30251
2022-06-06 09:19:34,0.350002
2022-06-06 09:19:35,2.95428
2022-06-06 09:19:36,4.39024
2022-06-06 09:19:37,4.32442
2022-06-06 09:19:38,3.06274
2022-06-06 09:19:39,0.350502
2022-06-06 09:19:40,2.26058
2022-06-06 09:19:41,3.25481
2022-06-06 09:19:42,5.28209
2022-06-06 09:19:43,2.97851
2022-06-06 09:19:44,2.26081
2022-06-06 09:19:45,0.997024
2022-06-06 09:19:46,0.602391
2022-06-06 09:19:47,4.96592
2022-06-06 09:19:48,3.5959
2022-06-06 09:19:49,0.499877
2022-06-06 09:19:50,0.199751
2022-06-06 09:19:51,0.499504
2022-06-06 09:19:52,4.16839
2022-06-06 09:19:53,4.48939
2022-06-06 09:19:54,0.199626
2022-06-06 09:19:55,0.400502
2022-06-06 09:19:56,1.20176
2022-06-06 09:19:57,4.32336
2022-06-06 09:19:58,3.40829
2022-06-06 09:19:59,1.20378
2022-06-06 09:20:00,0.649505
2022-06-06 09:20:01,3.72011
2022-06-06 09:20:02,4.55041
2022-06-06 09:20:03,4.53743
2022-06-06 09:20:04,1.75616
2022-06-06 09:20:05,0.499879
2022-06-06 09:20:06,3.82267
2022-06-06 09:20:07,3.70589
2022-06-06 09:20:08,4.05981
2022-06-06 09:20:09,2.26526
2022-06-06 09:20:10,0.399877
2022-06-06 09:20:11,3.21517
2022-06-06 09:20:12,4.65244
2022-06-06 09:20:13,3.47216
2022-06-06 09:20:14,1.95793
2022-06-06 09:20:15,0.300251
2022-06-06 09:20:16,0.399256
2022-06-06 09:20:17,0.548382
2022-06-06 09:20:18,1.40165
2022-06-06 09:20:19,3.19531
2022-06-06 09:20:20,0.399626
2022-06-06 09:20:21,0.499003
2022-06-06 09:20:22,3.67916
2022-06-06 09:20:23,4.71788
2022-06-06 09:20:24,3.35468
2022-06-06 09:20:25,0.349252
2022-06-06 09:20:26,0.449878
2022-06-06 09:20:27,3.9478
2022-06-06 09:20:28,4.47953
2022-06-06 09:20:29,4.98781
2022-06-06 09:20:30,2.76423
2022-06-06 09:20:31,0.25
2022-06-06 09:20:32,3.14228
2022-06-06 09:20:33,3.50078
2022-06-06 09:20:34,4.56176
2022-06-06 09:20:35,2.40704
2022-06-06 09:20:36,0.449502
2022-06-06 09:20:37,0.250251
2022-06-06 09:20:38,0.349751
2022-06-06 09:20:39,0.399753
2022-06-06 09:20:40,3.9113
2022-06-06 09:20:41,0.449252
2022-06-06 09:20:42,0.400251
2022-06-06 09:20:43,5.27662
2022-06-06 09:20:44,6.00459
2022-06-06 09:20:45,4.31874
2022-06-06 09:20:46,1.85479
2022-06-06 09:20:47,0.449128
2022-06-06 09:20:48,3.31448
2022-06-06 09:20:49,4.87517
2022-06-06 09:20:50,3.36806
2022-06-06 09:20:51,3.06337
2022-06-06 09:20:52,0.350252
2022-06-06 09:20:53,3.04913
2022-06-06 09:20:54,5.43846
2022-06-06 09:20:55,3.82756
2022-06-06 09:20:56,4.26092
2022-06-06 09:20:57,4.93791
2022-06-06 09:20:58,0.852763
2022-06-06 09:20:59,0.349627
2022-06-06 09:21:00,0.60013
2022-06-06 09:21:01,4.02635
2022-06-06 09:21:02,4.96082
2022-06-06 09:21:03,4.15445
2022-06-06 09:21:04,0.699512
2022-06-06 09:21:05,1.55706
2022-06-06 09:21:06,5.10543
2022-06-06 09:21:07,3.4822
2022-06-06 09:21:08,4.99514
2022-06-06 09:21:09,0.599002
2022-06-06 09:21:10,0.601135
2022-06-06 09:21:11,4.52896
2022-06-06 09:21:12,4.52707
2022-06-06 09:21:13,2.36312
2022-06-06 09:21:14,1.30415
2022-06-06 09:21:15,0.499626
2022-06-06 09:21:16,3.76382
2022-06-06 09:21:17,4.79259
2022-06-06 09:21:18,2.43329
2022-06-06 09:21:19,1.41605
2022-06-06 09:21:20,0.350376
2022-06-06 09:21:21,3.0559
2022-06-06 09:21:22,5.74683
2022-06-06 09:21:23,2.7519
2022-06-06 09:21:24,3.05317
2022-06-06 09:21:25,0.450879
2022-06-06 09:21:26,0.80251
2022-06-06 09:21:27,5.26502
2022-06-06 09:21:28,5.02163
2022-06-06 09:21:29,2.2608
2022-06-06 09:21:30,1.11371
2022-06-06 09:21:31,0.450251
2022-06-06 09:21:32,4.68547
2022-06-06 09:21:33,0.950009
2022-06-06 09:21:34,0.250377
2022-06-06 09:21:35,0.449005
2022-06-06 09:21:36,4.51658
2022-06-06 09:21:37,4.27179
2022-06-06 09:21:38,4.23798
2022-06-06 09:21:39,2.44144
2022-06-06 09:21:40,0.299753
2022-06-06 09:21:41,3.85539
2022-06-06 09:21:42,4.56504
2022-06-06 09:21:43,4.37429
2022-06-06 09:21:44,1.39701
2022-06-06 09:21:45,0.300502
2022-06-06 09:21:46,3.47764
2022-06-06 09:21:47,4.48064
2022-06-06 09:21:48,2.65058
2022-06-06 09:21:49,1.41985
2022-06-06 09:21:50,0.350127
2022-06-06 09:21:51,3.36853
2022-06-06 09:21:52,3.91057
2022-06-06 09:21:53,3.45068
2022-06-06 09:21:54,1.90239
2022-06-06 09:21:55,0.199254
2022-06-06 09:21:56,0.70038
2022-06-06 09:21:57,4.82392
2022-06-06 09:21:58,4.7218
2022-06-06 09:21:59,2.20179
2022-06-06 09:22:00,0.598629
2022-06-06 09:22:01,1.65792
2022-06-06 09:22:02,4.6645
2022-06-06 09:22:03,3.40278
2022-06-06 09:22:04,3.80435
2022-06-06 09:22:05,0.849257
2022-06-06 09:22:06,0.699877
2022-06-06 09:22:07,4.57103
2022-06-06 09:22:08,1.80503
2022-06-06 09:22:09,0.349382
2022-06-06 09:22:10,0.200376
2022-06-06 09:22:11,0.851629
2022-06-06 09:22:12,3.87849
2022-06-06 09:22:13,4.41922
2022-06-06 09:22:14,3.87379
2022-06-06 09:22:15,3.67358
2022-06-06 09:22:16,0.400251
2022-06-06 09:22:17,1.60592
2022-06-06 09:22:18,2.10856
2022-06-06 09:22:19,0.299502
2022-06-06 09:22:20,0.399752
2022-06-06 09:22:21,0.400251
2022-06-06 09:22:22,1.00264
2022-06-06 09:22:23,2.90867
2022-06-06 09:22:24,0.350125
2022-06-06 09:22:25,0.249751
2022-06-06 09:22:26,0.349752
2022-06-06 09:22:27,1.74299
2022-06-06 09:22:28,3.96169
2022-06-06 09:22:29,1.90829
2022-06-06 09:22:30,0.400002
2022-06-06 09:22:31,0.250125
2022-06-06 09:22:32,0.299877
2022-06-06 09:22:33,4.38388
2022-06-06 09:22:34,0.249751
2022-06-06 09:22:35,0.400128
2022-06-06 09:22:36,0.299501
2022-06-06 09:22:37,0.299751
2022-06-06 09:22:38,3.15639
2022-06-06 09:22:39,2.57955
2022-06-06 09:22:40,0.499503
2022-06-06 09:22:41,4.93721
2022-06-06 09:22:42,6.15085
2022-06-06 09:22:43,6.66949
2022-06-06 09:22:44,7.28124
2022-06-06 09:22:45,2.81161
2022-06-06 09:22:46,0.400253
2022-06-06 09:22:47,5.80012
2022-06-06 09:22:48,5.97957
2022-06-06 09:22:49,3.19683
2022-06-06 09:22:50,0.350251
2022-06-06 09:22:51,2.77272
2022-06-06 09:22:52,3.54112
2022-06-06 09:22:53,4.77361
2022-06-06 09:22:54,3.27374
2022-06-06 09:22:55,0.299877
2022-06-06 09:22:56,1.60642
2022-06-06 09:22:57,4.79168
2022-06-06 09:22:58,3.02119
2022-06-06 09:22:59,4.77164
2022-06-06 09:23:00,4.26945
2022-06-06 09:23:01,3.56414
2022-06-06 09:23:02,1.2029
2022-06-06 09:23:03,0.402138
2022-06-06 09:23:04,4.42225
2022-06-06 09:23:05,1.79951
2022-06-06 09:23:06,0.349133
2022-06-06 09:23:07,0.499751
2022-06-06 09:23:08,0.450879
2022-06-06 09:23:09,4.28178
2022-06-06 09:23:10,2.66424
2022-06-06 09:23:11,0.349505
2022-06-06 09:23:12,0.250627
2022-06-06 09:23:13,0.150125
2022-06-06 09:23:14,2.04988
2022-06-06 09:23:15,7.13576
2022-06-06 09:23:16,4.17984
2022-06-06 09:23:17,3.2256
2022-06-06 09:23:18,0.449377
2022-06-06 09:23:19,1.65933
2022-06-06 09:23:20,3.93019
2022-06-06 09:23:21,0.250502
2022-06-06 09:23:22,0.250377
2022-06-06 09:23:23,0.449627
2022-06-06 09:23:24,1.25353
2022-06-06 09:23:25,6.87348
2022-06-06 09:23:26,0.601133
2022-06-06 09:23:27,0.848777
2022-06-06 09:23:28,4.71558
2022-06-06 09:23:29,4.21259
2022-06-06 09:23:30,6.07341
2022-06-06 09:23:31,1.05125
2022-06-06 09:23:32,0.400377
2022-06-06 09:23:33,4.2375
2022-06-06 09:23:34,4.11086
2022-06-06 09:23:35,4.37497
2022-06-06 09:23:36,1.99877
2022-06-06 09:23:37,0.300254
2022-06-06 09:23:38,4.76065
2022-06-06 09:23:39,3.46892
2022-06-06 09:23:40,4.99208
2022-06-06 09:23:41,2.46335
2022-06-06 09:23:42,0.399005
2022-06-06 09:23:43,3.71421
2022-06-06 09:23:44,4.50133
2022-06-06 09:23:45,4.61767
2022-06-06 09:23:46,3.26398
2022-06-06 09:23:47,0.399501
2022-06-06 09:23:48,2.15454
2022-06-06 09:23:49,4.95992
2022-06-06 09:23:50,4.04978
2022-06-06 09:23:51,2.95415
2022-06-06 09:23:52,0.399754
2022-06-06 09:23:53,0.65113
2022-06-06 09:23:54,4.81703
2022-06-06 09:23:55,3.51351
2022-06-06 09:23:56,2.86244
2022-06-06 09:23:57,0.952768
2022-06-06 09:23:58,0.400003
2022-06-06 09:23:59,2.96298
2022-06-06 09:24:00,6.05145
2022-06-06 09:24:01,3.95299
2022-06-06 09:24:02,1.31266
2022-06-06 09:24:03,0.449628
2022-06-06 09:24:04,2.84315
2022-06-06 09:24:05,4.56886
2022-06-06 09:24:06,0.602136
2022-06-06 09:24:07,2.70779
2022-06-06 09:24:08,4.21561
2022-06-06 09:24:09,3.20689
2022-06-06 09:24:10,2.80216
2022-06-06 09:24:11,2.70419
2022-06-06 09:24:12,0.851132
2022-06-06 09:24:13,0.300002
2022-06-06 09:24:14,0.499627
2022-06-06 09:24:15,3.36444
2022-06-06 09:24:16,3.85449
2022-06-06 09:24:17,4.02569
2022-06-06 09:24:18,3.41761
2022-06-06 09:24:19,1.60154
2022-06-06 09:24:20,0.399627
2022-06-06 09:24:21,0.400376
2022-06-06 09:24:22,0.549127
2022-06-06 09:24:23,4.25893
2022-06-06 09:24:24,4.66372
2022-06-06 09:24:25,4.06333
2022-06-06 09:24:26,4.20319
2022-06-06 09:24:27,1.45342
2022-06-06 09:24:28,0.300002
2022-06-06 09:24:29,0.450001
2022-06-06 09:24:30,0.999881
2022-06-06 09:24:31,3.92837
2022-06-06 09:24:32,4.01976
2022-06-06 09:24:33,2.16156
2022-06-06 09:24:34,0.449751
2022-06-06 09:24:35,3.71215
2022-06-06 09:24:36,4.12169
2022-06-06 09:24:37,3.92594
2022-06-06 09:24:38,3.158
2022-06-06 09:24:39,0.400627
2022-06-06 09:24:40,2.2056
2022-06-06 09:24:41,4.06275
2022-06-06 09:24:42,2.7568
2022-06-06 09:24:43,1.65051
2022-06-06 09:24:44,0.350128
2022-06-06 09:24:45,1.60291
2022-06-06 09:24:46,3.76202
2022-06-06 09:24:47,4.81897
2022-06-06 09:24:48,2.70503
2022-06-06 09:24:49,0.600009
2022-06-06 09:24:50,0.598506
2022-06-06 09:24:51,3.21662
2022-06-06 09:24:52,4.27659
2022-06-06 09:24:53,2.91688
2022-06-06 09:24:54,2.50421
2022-06-06 09:24:55,2.05705
2022-06-06 09:24:56,2.00719
2022-06-06 09:24:57,0.299877
2022-06-06 09:24:58,1.95227
2022-06-06 09:24:59,5.42747
2022-06-06 09:25:00,2.91553
2022-06-06 09:25:01,2.4989
2022-06-06 09:25:02,0.849509
2022-06-06 09:25:03,1.75214
2022-06-06 09:25:04,4.06325
2022-06-06 09:25:05,1.65542
2022-06-06 09:25:06,0.499381
2022-06-06 09:25:07,0.399751
2022-06-06 09:25:08,0.350879
2022-06-06 09:25:09,4.06071
2022-06-06 09:25:10,3.13771
2022-06-06 09:25:11,4.74755
2022-06-06 09:25:12,1.20493
2022-06-06 09:25:13,0.750125
2022-06-06 09:25:14,4.55565
2022-06-06 09:25:15,3.09828
2022-06-06 09:25:16,5.42192
2022-06-06 09:25:17,3.1617
2022-06-06 09:25:18,0.250251
2022-06-06 09:25:19,1.89802
2022-06-06 09:25:20,4.57333
2022-06-06 09:25:21,3.36918
2022-06-06 09:25:22,2.75365
2022-06-06 09:25:23,0.750882
2022-06-06 09:25:24,0.699882
2022-06-06 09:25:25,4.58956
2022-06-06 09:25:26,0.699134
2022-06-06 09:25:27,0.349877
2022-06-06 09:25:28,0.300629
2022-06-06 09:25:29,0.350503
2022-06-06 09:25:30,4.1078
2022-06-06 09:25:31,1.60856
2022-06-06 09:25:32,0.25
2022-06-06 09:25:33,0.449627
2022-06-06 09:25:34,0.349876
2022-06-06 09:25:35,4.01938
2022-06-06 09:25:36,3.51541
2022-06-06 09:25:37,0.498882
2022-06-06 09:25:38,0.551263
2022-06-06 09:25:39,0.449751
2022-06-06 09:25:40,1.85874
2022-06-06 09:25:41,5.07327
2022-06-06 09:25:42,0.399753
2022-06-06 09:25:43,0.349377
2022-06-06 09:25:44,0.400376
2022-06-06 09:25:45,3.00105
2022-06-06 09:25:46,3.94519
2022-06-06 09:25:47,0.448261
2022-06-06 09:25:48,0.54913
2022-06-06 09:25:49,0.349381
2022-06-06 09:25:50,1.35831
2022-06-06 09:25:51,5.67514
2022-06-06 09:25:52,1.30264
2022-06-06 09:25:53,0.899131
2022-06-06 09:25:54,4.29101
2022-06-06 09:25:55,4.56443
2022-06-06 09:25:56,6.07299
2022-06-06 09:25:57,5.46846
2022-06-06 09:25:58,3.14277
2022-06-06 09:25:59,0.800134
2022-06-06 09:26:00,0.650877
2022-06-06 09:26:01,5.22358
2022-06-06 09:26:02,3.81507
2022-06-06 09:26:03,0.299751
2022-06-06 09:26:04,0.400251
2022-06-06 09:26:05,1.20013
2022-06-06 09:26:06,4.05777
2022-06-06 09:26:07,4.60617
2022-06-06 09:26:08,3.05764
2022-06-06 09:26:09,5.056
2022-06-06 09:26:10,0.551003
2022-06-06 09:26:11,1.45578
2022-06-06 09:26:12,4.3064
2022-06-06 09:26:13,0.906979
2022-06-06 09:26:14,0.249626
2022-06-06 09:26:15,0.349877
2022-06-06 09:26:16,0.851767
2022-06-06 09:26:17,5.34712
2022-06-06 09:26:18,0.853655
2022-06-06 09:26:19,0.349876
2022-06-06 09:26:20,5.59112
2022-06-06 09:26:21,5.67014
2022-06-06 09:26:22,5.26765
2022-06-06 09:26:23,6.38483
2022-06-06 09:26:24,0.852016
2022-06-06 09:26:25,2.10804
2022-06-06 09:26:26,7.14663
2022-06-06 09:26:27,5.32267
2022-06-06 09:26:28,1.45831
2022-06-06 09:26:29,0.399507
2022-06-06 09:26:30,3.25429
2022-06-06 09:26:31,3.90783
2022-06-06 09:26:32,4.36767
2022-06-06 09:26:33,3.52373
2022-06-06 09:26:34,4.27332
2022-06-06 09:26:35,1.6044
2022-06-06 09:26:36,0.349876
2022-06-06 09:26:37,4.01099
2022-06-06 09:26:38,3.61451
2022-06-06 09:26:39,4.32563
2022-06-06 09:26:40,1.0019
2022-06-06 09:26:41,0.399877
2022-06-06 09:26:42,4.34788
2022-06-06 09:26:43,3.87319
2022-06-06 09:26:44,1.85643
2022-06-06 09:26:45,0.300627
2022-06-06 09:26:46,0.350503
2022-06-06 09:26:47,2.75215
2022-06-06 09:26:48,4.83497
2022-06-06 09:26:49,1.5597
2022-06-06 09:26:50,0.249877
2022-06-06 09:26:51,0.300001
2022-06-06 09:26:52,2.20304
2022-06-06 09:26:53,4.90931
2022-06-06 09:26:54,4.46994
2022-06-06 09:26:55,0.85478
2022-06-06 09:26:56,0.849008
2022-06-06 09:26:57,4.42238
2022-06-06 09:26:58,4.41661
2022-06-06 09:26:59,3.769
2022-06-06 09:27:00,0.501889
2022-06-06 09:27:01,0.449877
2022-06-06 09:27:02,3.35086
2022-06-06 09:27:03,4.41519
2022-06-06 09:27:04,3.82518
2022-06-06 09:27:05,0.401135
2022-06-06 09:27:06,0.6
2022-06-06 09:27:07,3.48075
2022-06-06 09:27:08,5.10483
2022-06-06 09:27:09,4.07597
2022-06-06 09:27:10,1.75013
2022-06-06 09:27:11,0.350253
2022-06-06 09:27:12,3.05879
2022-06-06 09:27:13,5.41126
2022-06-06 09:27:14,3.57169
2022-06-06 09:27:15,2.61535
2022-06-06 09:27:16,0.349502
2022-06-06 09:27:17,2.55467
2022-06-06 09:27:18,4.38704
2022-06-06 09:27:19,3.86471
2022-06-06 09:27:20,2.2073
2022-06-06 09:27:21,0.3
2022-06-06 09:27:22,2.1013
2022-06-06 09:27:23,4.86804
2022-06-06 09:27:24,3.87029
2022-06-06 09:27:25,2.40356
2022-06-06 09:27:26,0.501636
2022-06-06 09:27:27,0.752263
2022-06-06 09:27:28,3.70575
2022-06-06 09:27:29,4.84055
2022-06-06 09:27:30,1.35339
2022-06-06 09:27:31,0.249751
2022-06-06 09:27:32,0.250629
2022-06-06 09:27:33,0.448756
2022-06-06 09:27:34,2.06398
2022-06-06 09:27:35,5.27058
2022-06-06 09:27:36,4.48425
2022-06-06 09:27:37,2.52048
2022-06-06 09:27:38,0.250754
2022-06-06 09:27:39,1.20139
2022-06-06 09:27:40,2.96737
2022-06-06 09:27:41,2.86582
2022-06-06 09:27:42,0.750125
2022-06-06 09:27:43,0.702385
2022-06-06 09:27:44,4.22204
2022-06-06 09:27:45,4.32686
2022-06-06 09:27:46,3.32221
2022-06-06 09:27:47,0.450127
2022-06-06 09:27:48,1.05213
2022-06-06 09:27:49,4.11812
2022-06-06 09:27:50,4.62543
2022-06-06 09:27:51,4.20871
2022-06-06 09:27:52,1.40214
2022-06-06 09:27:53,0.600004
2022-06-06 09:27:54,4.01258
2022-06-06 09:27:55,3.96384
2022-06-06 09:27:56,4.48218
2022-06-06 09:27:57,2.9107
2022-06-06 09:27:58,0.399379
2022-06-06 09:27:59,3.56658
2022-06-06 09:28:00,3.52955
2022-06-06 09:28:01,3.76282
2022-06-06 09:28:02,2.31595
2022-06-06 09:28:03,0.200251
2022-06-06 09:28:04,3.70839
2022-06-06 09:28:05,3.11483
2022-06-06 09:28:06,3.15436
2022-06-06 09:28:07,2.20356
2022-06-06 09:28:08,0.250377
2022-06-06 09:28:09,2.40761
2022-06-06 09:28:10,4.81989
2022-06-06 09:28:11,4.0192
2022-06-06 09:28:12,1.90027
2022-06-06 09:28:13,0.300502
2022-06-06 09:28:14,1.95213
2022-06-06 09:28:15,5.15758
2022-06-06 09:28:16,3.60832
2022-06-06 09:28:17,2.30189
2022-06-06 09:28:18,0.798505
2022-06-06 09:28:19,1.34553
2022-06-06 09:28:20,4.50226
2022-06-06 09:28:21,3.86534
2022-06-06 09:28:22,2.84643
2022-06-06 09:28:23,0.90013
2022-06-06 09:28:24,0.901134
2022-06-06 09:28:25,4.16444
2022-06-06 09:28:26,4.17772
2022-06-06 09:28:27,2.56237
2022-06-06 09:28:28,0.650878
2022-06-06 09:28:29,0.449757
2022-06-06 09:28:30,2.96954
2022-06-06 09:28:31,4.72729
2022-06-06 09:28:32,2.39913
2022-06-06 09:28:33,1.30869
2022-06-06 09:28:34,0.548389
2022-06-06 09:28:35,2.52861
2022-06-06 09:28:36,4.17426
2022-06-06 09:28:37,2.9603
2022-06-06 09:28:38,2.55993
2022-06-06 09:28:39,0.499751
2022-06-06 09:28:40,2.74179
2022-06-06 09:28:41,4.12148
2022-06-06 09:28:42,3.10203
2022-06-06 09:28:43,2.81686
2022-06-06 09:28:44,0.200377
2022-06-06 09:28:45,1.10189
2022-06-06 09:28:46,4.06677
2022-06-06 09:28:47,0.700125
2022-06-06 09:28:48,0.400251
2022-06-06 09:28:49,0.399627
2022-06-06 09:28:50,0.600752
2022-06-06 09:28:51,4.05541
2022-06-06 09:28:52,0.753407
2022-06-06 09:28:53,0.399502
2022-06-06 09:28:54,0.449628
2022-06-06 09:28:55,0.548263
2022-06-06 09:28:56,3.85895
2022-06-06 09:28:57,6.30575
2022-06-06 09:28:58,4.05892
2022-06-06 09:28:59,0.904173
2022-06-06 09:29:00,1.40326
2022-06-06 09:29:01,4.35897
2022-06-06 09:29:02,2.45376
2022-06-06 09:29:03,0.400002
2022-06-06 09:29:04,0.398756
2022-06-06 09:29:05,0.399634
2022-06-06 09:29:06,8.51774
2022-06-06 09:29:07,3.9163
2022-06-06 09:29:08,4.46295
2022-06-06 09:29:09,2.15342
2022-06-06 09:29:10,0.550128
2022-06-06 09:29:11,4.26094
2022-06-06 09:29:12,2.81675
2022-06-06 09:29:13,0.550127
2022-06-06 09:29:14,0.449377
2022-06-06 09:29:15,2.55894
2022-06-06 09:29:16,4.61646
2022-06-06 09:29:17,5.32743
2022-06-06 09:29:18,0.649632
2022-06-06 09:29:19,0.499627
2022-06-06 09:29:20,1.9504
2022-06-06 09:29:21,4.10838
2022-06-06 09:29:22,6.05079
2022-06-06 09:29:23,0.499377
2022-06-06 09:29:24,0.300254
2022-06-06 09:29:25,3.66761
2022-06-06 09:29:26,4.06962
2022-06-06 09:29:27,3.86462
2022-06-06 09:29:28,3.44618
2022-06-06 09:29:29,0.250251
2022-06-06 09:29:30,2.0568
2022-06-06 09:29:31,4.75097
2022-06-06 09:29:32,4.10563
2022-06-06 09:29:33,1.45353
2022-06-06 09:29:34,0.249877
2022-06-06 09:29:35,1.65603
2022-06-06 09:29:36,3.36888
2022-06-06 09:29:37,5.40823
2022-06-06 09:29:38,4.21329
2022-06-06 09:29:39,1.84752
2022-06-06 09:29:40,0.550253
2022-06-06 09:29:41,4.66647
2022-06-06 09:29:42,3.08814
2022-06-06 09:29:43,4.34366
2022-06-06 09:29:44,0.751755
2022-06-06 09:29:45,2.25489
2022-06-06 09:29:46,3.35503
2022-06-06 09:29:47,4.21004
2022-06-06 09:29:48,4.57642
2022-06-06 09:29:49,0.501128
2022-06-06 09:29:50,0.598881
2022-06-06 09:29:51,2.55239
2022-06-06 09:29:52,3.89577
2022-06-06 09:29:53,4.90544
2022-06-06 09:29:54,0.65164
2022-06-06 09:29:55,1.74751
2022-06-06 09:29:56,4.06126
2022-06-06 09:29:57,4.72834
2022-06-06 09:29:58,4.26923
2022-06-06 09:29:59,0.602645
2022-06-06 09:30:00,0.400253
2022-06-06 09:30:01,0.901256
2022-06-06 09:30:02,3.46966
2022-06-06 09:30:03,5.07288
2022-06-06 09:30:04,2.96279
2022-06-06 09:30:05,0.549252
2022-06-06 09:30:06,3.76294
2022-06-06 09:30:07,3.78002
2022-06-06 09:30:08,3.28652
2022-06-06 09:30:09,1.00226
2022-06-06 09:30:10,0.499003
2022-06-06 09:30:11,0.3
2022-06-06 09:30:12,2.5608
2022-06-06 09:30:13,4.11185
2022-06-06 09:30:14,2.41799
2022-06-06 09:30:15,0.350627
2022-06-06 09:30:16,0.400125
2022-06-06 09:30:17,0.599632
2022-06-06 09:30:18,1.94589
2022-06-06 09:30:19,3.20207
2022-06-06 09:30:20,1.21101
2022-06-06 09:30:21,0.349627
2022-06-06 09:30:22,0.449626
2022-06-06 09:30:23,1.25378
2022-06-06 09:30:24,5.63746
2022-06-06 09:30:25,1.96259
2022-06-06 09:30:26,0.498382
2022-06-06 09:30:27,0.300376
2022-06-06 09:30:28,0.349501
2022-06-06 09:30:29,4.82307
2022-06-06 09:30:30,1.61734
2022-06-06 09:30:31,0.399502
2022-06-06 09:30:32,0.449626
2022-06-06 09:30:33,3.32653
2022-06-06 09:30:34,4.82341
2022-06-06 09:30:35,7.18721
2022-06-06 09:30:36,4.51064
2022-06-06 09:30:37,0.399751
2022-06-06 09:30:38,4.13471
2022-06-06 09:30:39,4.17399
2022-06-06 09:30:40,4.2202
2022-06-06 09:30:41,0.998756
2022-06-06 09:30:42,0.448759
2022-06-06 09:30:43,3.05804
2022-06-06 09:30:44,4.32062
2022-06-06 09:30:45,4.17335
2022-06-06 09:30:46,4.77434
2022-06-06 09:30:47,0.200376
2022-06-06 09:30:48,2.10089
2022-06-06 09:30:49,4.15441
2022-06-06 09:30:50,5.0464
2022-06-06 09:30:51,4.03029
2022-06-06 09:30:52,4.40564
2022-06-06 09:30:53,2.04167
2022-06-06 09:30:54,0.200627
2022-06-06 09:30:55,2.96802
2022-06-06 09:30:56,4.79328
2022-06-06 09:30:57,0.300001
2022-06-06 09:30:58,0.39963
2022-06-06 09:30:59,2.11107
2022-06-06 09:31:00,3.98636
2022-06-06 09:31:01,3.58654
2022-06-06 09:31:02,2.31616
2022-06-06 09:31:03,0.399132
2022-06-06 09:31:04,4.46889
2022-06-06 09:31:05,4.65129
2022-06-06 09:31:06,5.3366
2022-06-06 09:31:07,3.31666
2022-06-06 09:31:08,0.499751
2022-06-06 09:31:09,2.61207
2022-06-06 09:31:10,4.27104
2022-06-06 09:31:11,5.65432
2022-06-06 09:31:12,4.21909
2022-06-06 09:31:13,1.00076
2022-06-06 09:31:14,1.49514
2022-06-06 09:31:15,4.60206
2022-06-06 09:31:16,3.97903
2022-06-06 09:31:17,2.16742
2022-06-06 09:31:18,0.549751
2022-06-06 09:31:19,0.350376
2022-06-06 09:31:20,2.85966
2022-06-06 09:31:21,4.47341
2022-06-06 09:31:22,4.02078
2022-06-06 09:31:23,2.86604
2022-06-06 09:31:24,1.04553
2022-06-06 09:31:25,0.250376
2022-06-06 09:31:26,3.46006
2022-06-06 09:31:27,4.62075
2022-06-06 09:31:28,0.349256
2022-06-06 09:31:29,0.350251
2022-06-06 09:31:30,0.399752
2022-06-06 09:31:31,0.350628
2022-06-06 09:31:32,4.76308
2022-06-06 09:31:33,1.49739
2022-06-06 09:31:34,0.450877
2022-06-06 09:31:35,0.300127
2022-06-06 09:31:36,0.400002
2022-06-06 09:31:37,5.02391
2022-06-06 09:31:38,5.22306
2022-06-06 09:31:39,4.08537
2022-06-06 09:31:40,0.700503
2022-06-06 09:31:41,0.599762
2022-06-06 09:31:42,4.43158
2022-06-06 09:31:43,3.59367
2022-06-06 09:31:44,0.350251
2022-06-06 09:31:45,0.300251
2022-06-06 09:31:46,0.300628
2022-06-06 09:31:47,3.6505
2022-06-06 09:31:48,6.89505
2022-06-06 09:31:49,0.552135
2022-06-06 09:31:50,0.200251
2022-06-06 09:31:51,0.350253
2022-06-06 09:31:52,2.61018
2022-06-06 09:31:53,5.07037
2022-06-06 09:31:54,6.52446
2022-06-06 09:31:55,1.70427
2022-06-06 09:31:56,0.300251
2022-06-06 09:31:57,2.7108
2022-06-06 09:31:58,5.80129
2022-06-06 09:31:59,2.1053
2022-06-06 09:32:00,0.299751
2022-06-06 09:32:01,0.399751
2022-06-06 09:32:02,0.449877
2022-06-06 09:32:03,4.93244
2022-06-06 09:32:04,5.26748
2022-06-06 09:32:05,0.349877
2022-06-06 09:32:06,0.3
2022-06-06 09:32:07,0.499005
2022-06-06 09:32:08,3.77257
2022-06-06 09:32:09,6.18361
2022-06-06 09:32:10,0.855686
2022-06-06 09:32:11,1.45303
2022-06-06 09:32:12,6.02938
2022-06-06 09:32:13,4.08131
2022-06-06 09:32:14,4.76025
2022-06-06 09:32:15,1.20027
2022-06-06 09:32:16,0.349633
2022-06-06 09:32:17,3.02871
2022-06-06 09:32:18,4.82721
2022-06-06 09:32:19,4.75143
2022-06-06 09:32:20,0.549754
2022-06-06 09:32:21,0.399377
2022-06-06 09:32:22,2.7641
2022-06-06 09:32:23,4.61743
2022-06-06 09:32:24,5.83752
2022-06-06 09:32:25,4.74858
2022-06-06 09:32:26,4.33807
2022-06-06 09:32:27,1.10151
2022-06-06 09:32:28,0.350251
2022-06-06 09:32:29,0.249751
2022-06-06 09:32:30,0.550002
2022-06-06 09:32:31,0.801634
2022-06-06 09:32:32,4.40535
2022-06-06 09:32:33,5.19425
2022-06-06 09:32:34,0.449751
2022-06-06 09:32:35,0.900125
2022-06-06 09:32:36,5.00845
2022-06-06 09:32:37,2.75843
2022-06-06 09:32:38,4.67341
2022-06-06 09:32:39,0.599253
2022-06-06 09:32:40,1.85328
2022-06-06 09:32:41,6.27222
2022-06-06 09:32:42,5.3646
2022-06-06 09:32:43,4.57362
2022-06-06 09:32:44,4.60807
2022-06-06 09:32:45,3.5218
2022-06-06 09:32:46,0.551641
2022-06-06 09:32:47,2.00616
2022-06-06 09:32:48,5.03131
2022-06-06 09:32:49,0.752014
2022-06-06 09:32:50,0.349627
2022-06-06 09:32:51,0.698014
2022-06-06 09:32:52,1.35251
2022-06-06 09:32:53,5.19423
2022-06-06 09:32:54,1.44852
2022-06-06 09:32:55,0.300125
2022-06-06 09:32:56,0.350502
2022-06-06 09:32:57,0.648513
2022-06-06 09:32:58,2.8132
2022-06-06 09:32:59,2.60717
2022-06-06 09:33:00,0.398762
2022-06-06 09:33:01,0.250377
2022-06-06 09:33:02,0.449256
2022-06-06 09:33:03,2.96461
2022-06-06 09:33:04,3.28599
2022-06-06 09:33:05,0.399877
2022-06-06 09:33:06,0.449256
2022-06-06 09:33:07,0.349256
2022-06-06 09:33:08,4.65078
2022-06-06 09:33:09,6.02819
2022-06-06 09:33:10,1.29763
2022-06-06 09:33:11,1.39726
2022-06-06 09:33:12,5.36285
2022-06-06 09:33:13,6.6932
2022-06-06 09:33:14,5.37932
2022-06-06 09:33:15,4.27278
2022-06-06 09:33:16,3.82015
2022-06-06 09:33:17,0.249876
2022-06-06 09:33:18,1.35301
2022-06-06 09:33:19,6.97987
2022-06-06 09:33:20,6.87829
2022-06-06 09:33:21,4.55062
2022-06-06 09:33:22,0.250003
2022-06-06 09:33:23,4.13973
2022-06-06 09:33:24,6.06673
2022-06-06 09:33:25,4.5223
2022-06-06 09:33:26,0.855792
2022-06-06 09:33:27,1.44975
2022-06-06 09:33:28,5.58232
2022-06-06 09:33:29,4.81535
2022-06-06 09:33:30,5.34988
2022-06-06 09:33:31,2.78446
2022-06-06 09:33:32,1.15505
2022-06-06 09:33:33,0.449751
2022-06-06 09:33:34,0.399006
2022-06-06 09:33:35,1.66402
2022-06-06 09:33:36,6.37535
2022-06-06 09:33:37,4.98666
2022-06-06 09:33:38,3.1562
2022-06-06 09:33:39,4.32721
2022-06-06 09:33:40,2.19893
2022-06-06 09:33:41,0.499757
2022-06-06 09:33:42,0.300001
2022-06-06 09:33:43,0.300002
2022-06-06 09:33:44,1.80276
2022-06-06 09:33:45,2.15783
2022-06-06 09:33:46,0.300251
2022-06-06 09:33:47,0.499629
2022-06-06 09:33:48,2.10643
2022-06-06 09:33:49,6.02278
2022-06-06 09:33:50,4.05276
2022-06-06 09:33:51,3.08659
2022-06-06 09:33:52,0.999266
2022-06-06 09:33:53,2.25204
2022-06-06 09:33:54,3.57591
2022-06-06 09:33:55,6.47632
2022-06-06 09:33:56,4.62799
2022-06-06 09:33:57,6.78184
2022-06-06 09:33:58,0.349876
2022-06-06 09:33:59,0.350125
2022-06-06 09:34:00,4.03566
2022-06-06 09:34:01,6.43638
2022-06-06 09:34:02,3.72421
2022-06-06 09:34:03,1.2464
2022-06-06 09:34:04,0.350125
2022-06-06 09:34:05,0.400253
2022-06-06 09:34:06,0.399751
2022-06-06 09:34:07,4.56131
2022-06-06 09:34:08,5.25921
2022-06-06 09:34:09,2.86253
2022-06-06 09:34:10,0.449877
2022-06-06 09:34:11,2.51577
2022-06-06 09:34:12,4.36355
2022-06-06 09:34:13,3.87028
2022-06-06 09:34:14,1.94851
2022-06-06 09:34:15,0.750259
2022-06-06 09:34:16,3.60783
2022-06-06 09:34:17,5.26575
2022-06-06 09:34:18,4.31539
2022-06-06 09:34:19,4.76295
2022-06-06 09:34:20,1.05494
2022-06-06 09:34:21,0.550133
2022-06-06 09:34:22,4.5509
2022-06-06 09:34:23,4.0425
2022-06-06 09:34:24,4.08477
2022-06-06 09:34:25,0.650505
2022-06-06 09:34:26,1.70289
2022-06-06 09:34:27,4.71131
2022-06-06 09:34:28,0.95113
2022-06-06 09:34:29,0.548506
2022-06-06 09:34:30,0.399756
2022-06-06 09:34:31,1.6461
2022-06-06 09:34:32,4.88933
2022-06-06 09:34:33,1.10152
2022-06-06 09:34:34,0.44926
2022-06-06 09:34:35,0.648631
2022-06-06 09:34:36,0.350376
2022-06-06 09:34:37,6.28953
2022-06-06 09:34:38,2.83189
2022-06-06 09:34:39,0.300127
2022-06-06 09:34:40,0.598258
2022-06-06 09:34:41,0.450379
2022-06-06 09:34:42,5.61497
2022-06-06 09:34:43,5.42114
2022-06-06 09:34:44,0.70226
2022-06-06 09:34:45,0.300501
2022-06-06 09:34:46,0.59876
2022-06-06 09:34:47,4.06587
2022-06-06 09:34:48,6.79335
2022-06-06 09:34:49,1.35088
2022-06-06 09:34:50,0.350379
2022-06-06 09:34:51,0.299877
2022-06-06 09:34:52,3.95179
2022-06-06 09:34:53,6.99608
2022-06-06 09:34:54,1.75592
2022-06-06 09:34:55,0.349502
2022-06-06 09:34:56,0.549378
2022-06-06 09:34:57,3.65865
2022-06-06 09:34:58,6.20802
2022-06-06 09:34:59,1.35251
2022-06-06 09:35:00,0.449502
2022-06-06 09:35:01,0.450128
2022-06-06 09:35:02,4.39393
2022-06-06 09:35:03,4.52267
2022-06-06 09:35:04,4.24959
2022-06-06 09:35:05,4.71312
2022-06-06 09:35:06,3.30241
2022-06-06 09:35:07,0.350251
2022-06-06 09:35:08,3.15966
2022-06-06 09:35:09,4.85153
2022-06-06 09:35:10,4.32243
2022-06-06 09:35:11,2.35693
2022-06-06 09:35:12,0.499506
2022-06-06 09:35:13,2.24668
2022-06-06 09:35:14,5.47343
2022-06-06 09:35:15,4.98381
2022-06-06 09:35:16,0.955163
2022-06-06 09:35:17,0.802518
2022-06-06 09:35:18,4.7211
2022-06-06 09:35:19,4.22014
2022-06-06 09:35:20,3.83997
2022-06-06 09:35:21,1.56313
2022-06-06 09:35:22,0.400251
2022-06-06 09:35:23,0.449751
2022-06-06 09:35:24,0.250003
2022-06-06 09:35:25,2.94861
2022-06-06 09:35:26,0.399377
2022-06-06 09:35:27,0.400377
2022-06-06 09:35:28,0.399377
2022-06-06 09:35:29,0.249877
2022-06-06 09:35:30,3.16197
2022-06-06 09:35:31,6.56989
2022-06-06 09:35:32,3.46349
2022-06-06 09:35:33,0.450253
2022-06-06 09:35:34,0.449377
2022-06-06 09:35:35,3.69581
2022-06-06 09:35:36,5.03772
2022-06-06 09:35:37,5.73119
2022-06-06 09:35:38,5.07484
2022-06-06 09:35:39,0.851384
2022-06-06 09:35:40,1.50289
2022-06-06 09:35:41,4.06649
2022-06-06 09:35:42,4.87592
2022-06-06 09:35:43,4.71218
2022-06-06 09:35:44,4.3733
2022-06-06 09:35:45,3.4176
2022-06-06 09:35:46,0.350253
2022-06-06 09:35:47,0.449005
2022-06-06 09:35:48,2.86082
2022-06-06 09:35:49,3.01191
2022-06-06 09:35:50,8.25429
2022-06-06 09:35:51,3.53167
2022-06-06 09:35:52,0.150502
2022-06-06 09:35:53,2.69116
2022-06-06 09:35:54,3.81958
2022-06-06 09:35:55,5.01063
2022-06-06 09:35:56,4.56573
2022-06-06 09:35:57,0.502651
2022-06-06 09:35:58,2.65628
2022-06-06 09:35:59,4.00563
2022-06-06 09:36:00,7.17895
2022-06-06 09:36:01,2.75932
2022-06-06 09:36:02,0.400001
2022-06-06 09:36:03,4.3962
2022-06-06 09:36:04,5.10025
2022-06-06 09:36:05,2.45018
2022-06-06 09:36:06,2.65795
2022-06-06 09:36:07,0.698767
2022-06-06 09:36:08,0.652515
2022-06-06 09:36:09,5.55207
2022-06-06 09:36:10,3.50363
2022-06-06 09:36:11,2.93674
2022-06-06 09:36:12,0.800002
2022-06-06 09:36:13,0.249377
2022-06-06 09:36:14,3.6197
2022-06-06 09:36:15,5.75221
2022-06-06 09:36:16,2.91534
2022-06-06 09:36:17,1.75439
2022-06-06 09:36:18,0.400501
2022-06-06 09:36:19,3.06407
2022-06-06 09:36:20,3.33056
2022-06-06 09:36:21,0.549501
2022-06-06 09:36:22,3.25119
2022-06-06 09:36:23,4.67844
2022-06-06 09:36:24,4.21308
2022-06-06 09:36:25,2.25567
2022-06-06 09:36:26,0.350376
2022-06-06 09:36:27,2.49667
2022-06-06 09:36:28,3.37066
2022-06-06 09:36:29,4.68604
2022-06-06 09:36:30,4.96569
2022-06-06 09:36:31,0.649505
2022-06-06 09:36:32,0.801765
2022-06-06 09:36:33,4.85485
2022-06-06 09:36:34,3.62207
2022-06-06 09:36:35,1.86746
2022-06-06 09:36:36,0.55001
2022-06-06 09:36:37,0.400002
2022-06-06 09:36:38,0.400257
2022-06-06 09:36:39,0.449627
2022-06-06 09:36:40,3.28152
2022-06-06 09:36:41,4.40491
2022-06-06 09:36:42,3.42901
2022-06-06 09:36:43,1.25188
2022-06-06 09:36:44,0.500753
2022-06-06 09:36:45,4.57088
2022-06-06 09:36:46,1.40506
2022-06-06 09:36:47,0.450752
2022-06-06 09:36:48,0.250256
2022-06-06 09:36:49,0.400128
2022-06-06 09:36:50,3.75806
2022-06-06 09:36:51,5.61114
2022-06-06 09:36:52,0.299877
2022-06-06 09:36:53,1.76133
2022-06-06 09:36:54,5.0418
2022-06-06 09:36:55,4.71544
2022-06-06 09:36:56,2.44989
2022-06-06 09:36:57,0.349752
2022-06-06 09:36:58,3.68274
2022-06-06 09:36:59,4.78265
2022-06-06 09:37:00,4.46836
2022-06-06 09:37:01,3.3524
2022-06-06 09:37:02,0.350003
2022-06-06 09:37:03,2.00566
2022-06-06 09:37:04,6.43589
2022-06-06 09:37:05,3.29085
2022-06-06 09:37:06,3.50424
2022-06-06 09:37:07,0.500003
2022-06-06 09:37:08,1.4524
2022-06-06 09:37:09,6.47921
2022-06-06 09:37:10,3.38121
2022-06-06 09:37:11,6.20984
2022-06-06 09:37:12,3.71742
2022-06-06 09:37:13,2.51665
2022-06-06 09:37:14,0.747763
2022-06-06 09:37:15,2.20221
2022-06-06 09:37:16,4.82392
2022-06-06 09:37:17,2.20595
2022-06-06 09:37:18,0.449005
2022-06-06 09:37:19,0.348389
2022-06-06 09:37:20,1.90931
2022-06-06 09:37:21,4.17673
2022-06-06 09:37:22,5.10608
2022-06-06 09:37:23,4.8101
2022-06-06 09:37:24,0.751505
2022-06-06 09:37:25,0.998386
2022-06-06 09:37:26,3.93445
2022-06-06 09:37:27,4.77388
2022-06-06 09:37:28,0.499754
2022-06-06 09:37:29,0.400253
2022-06-06 09:37:30,0.651381
2022-06-06 09:37:31,2.50879
2022-06-06 09:37:32,4.60206
2022-06-06 09:37:33,4.71408
2022-06-06 09:37:34,0.300377
2022-06-06 09:37:35,3.05857
2022-06-06 09:37:36,5.4402
2022-06-06 09:37:37,4.40208
2022-06-06 09:37:38,3.25588
2022-06-06 09:37:39,0.350251
2022-06-06 09:37:40,2.91059
2022-06-06 09:37:41,3.54508
2022-06-06 09:37:42,4.31284
2022-06-06 09:37:43,2.9063
2022-06-06 09:37:44,1.71289
2022-06-06 09:37:45,0.449005
2022-06-06 09:37:46,0.399502
2022-06-06 09:37:47,1.25075
2022-06-06 09:37:48,4.7857
2022-06-06 09:37:49,4.95105
2022-06-06 09:37:50,2.26208
2022-06-06 09:37:51,0.448881
2022-06-06 09:37:52,3.57008
2022-06-06 09:37:53,4.00736
2022-06-06 09:37:54,3.8201
2022-06-06 09:37:55,4.64459
2022-06-06 09:37:56,0.600002
2022-06-06 09:37:57,1.7059
2022-06-06 09:37:58,4.26185
2022-06-06 09:37:59,3.45533
2022-06-06 09:38:00,2.60734
2022-06-06 09:38:01,0.999378
2022-06-06 09:38:02,0.350125
2022-06-06 09:38:03,5.411
2022-06-06 09:38:04,3.76307
2022-06-06 09:38:05,3.56788
2022-06-06 09:38:06,0.951755
2022-06-06 09:38:07,0.500258
2022-06-06 09:38:08,5.1631
2022-06-06 09:38:09,4.16772
2022-06-06 09:38:10,2.75728
2022-06-06 09:38:11,1.15366
2022-06-06 09:38:12,0.499503
2022-06-06 09:38:13,2.9078
2022-06-06 09:38:14,5.49922
2022-06-06 09:38:15,5.21306
2022-06-06 09:38:16,1.04901
2022-06-06 09:38:17,1.10064
2022-06-06 09:38:18,3.33119
2022-06-06 09:38:19,4.92611
2022-06-06 09:38:20,2.8499
2022-06-06 09:38:21,1.75152
2022-06-06 09:38:22,0.250251
2022-06-06 09:38:23,3.1088
2022-06-06 09:38:24,5.01267
2022-06-06 09:38:25,3.80469
2022-06-06 09:38:26,1.15202
2022-06-06 09:38:27,0.400127
2022-06-06 09:38:28,4.12447
2022-06-06 09:38:29,5.04904
2022-06-06 09:38:30,2.5145
2022-06-06 09:38:31,0.548632
2022-06-06 09:38:32,2.67137
2022-06-06 09:38:33,4.16935
2022-06-06 09:38:34,4.837
2022-06-06 09:38:35,2.55982
2022-06-06 09:38:36,2.05842
2022-06-06 09:38:37,2.10817
2022-06-06 09:38:38,0.299628
2022-06-06 09:38:39,2.70992
2022-06-06 09:38:40,3.07536
2022-06-06 09:38:41,0.499876
2022-06-06 09:38:42,0.350762
2022-06-06 09:38:43,4.65442
2022-06-06 09:38:44,4.66745
2022-06-06 09:38:45,4.15677
2022-06-06 09:38:46,1.64834
2022-06-06 09:38:47,0.350125
2022-06-06 09:38:48,3.4166
2022-06-06 09:38:49,4.91884
2022-06-06 09:38:50,3.74816
2022-06-06 09:38:51,2.34939
2022-06-06 09:38:52,0.648132
2022-06-06 09:38:53,2.7113
2022-06-06 09:38:54,3.02238
2022-06-06 09:38:55,4.00411
2022-06-06 09:38:56,0.747887
2022-06-06 09:38:57,0.650254
2022-06-06 09:38:58,1.34888
2022-06-06 09:38:59,4.85946
2022-06-06 09:39:00,3.35012
2022-06-06 09:39:01,3.70131
2022-06-06 09:39:02,0.499501
2022-06-06 09:39:03,3.20464
2022-06-06 09:39:04,5.20932
2022-06-06 09:39:05,3.89344
2022-06-06 09:39:06,0.948005
2022-06-06 09:39:07,0.250502
2022-06-06 09:39:08,0.44888
2022-06-06 09:39:09,2.86803
2022-06-06 09:39:10,3.75193
2022-06-06 09:39:11,4.16083
2022-06-06 09:39:12,0.750006
2022-06-06 09:39:13,1.60013
2022-06-06 09:39:14,3.51904
2022-06-06 09:39:15,5.26404
2022-06-06 09:39:16,2.39688
2022-06-06 09:39:17,0.449877
2022-06-06 09:39:18,3.05559
2022-06-06 09:39:19,4.85959
2022-06-06 09:39:20,2.80882
2022-06-06 09:39:21,3.34177
2022-06-06 09:39:22,1.00252
2022-06-06 09:39:23,0.649626
2022-06-06 09:39:24,4.05139
2022-06-06 09:39:25,4.21793
2022-06-06 09:39:26,2.80216
2022-06-06 09:39:27,0.549378
2022-06-06 09:39:28,0.701508
2022-06-06 09:39:29,3.66861
2022-06-06 09:39:30,6.25652
2022-06-06 09:39:31,2.89654
2022-06-06 09:39:32,0.299751
2022-06-06 09:39:33,1.79012
2022-06-06 09:39:34,4.17128
2022-06-06 09:39:35,4.70747
2022-06-06 09:39:36,1.9547
2022-06-06 09:39:37,0.956581
2022-06-06 09:39:38,0.551003
2022-06-06 09:39:39,4.21842
2022-06-06 09:39:40,3.9628
2022-06-06 09:39:41,3.10871
2022-06-06 09:39:42,0.702896
2022-06-06 09:39:43,0.449629
2022-06-06 09:39:44,4.76166
2022-06-06 09:39:45,4.41426
2022-06-06 09:39:46,2.40227
2022-06-06 09:39:47,1.20566
2022-06-06 09:39:48,0.34963
2022-06-06 09:39:49,3.4033
2022-06-06 09:39:50,5.59454
2022-06-06 09:39:51,2.66206
2022-06-06 09:39:52,3.61384
2022-06-06 09:39:53,0.500011
2022-06-06 09:39:54,1.09456
2022-06-06 09:39:55,3.71968
2022-06-06 09:39:56,4.89609
2022-06-06 09:39:57,1.45894
2022-06-06 09:39:58,0.698756
2022-06-06 09:39:59,5.79218
2022-06-06 09:40:00,4.34271
2022-06-06 09:40:01,3.05592
2022-06-06 09:40:02,0.500753
2022-06-06 09:40:03,1.76823
2022-06-06 09:40:04,5.2245
2022-06-06 09:40:05,3.79651
2022-06-06 09:40:06,2.74352
2022-06-06 09:40:07,3.00936
2022-06-06 09:40:08,0.64913
2022-06-06 09:40:09,0.400125
2022-06-06 09:40:10,0.350501
2022-06-06 09:40:11,1.51225
2022-06-06 09:40:12,3.36614
2022-06-06 09:40:13,5.12583
2022-06-06 09:40:14,2.05836
2022-06-06 09:40:15,0.548879
2022-06-06 09:40:16,2.10006
2022-06-06 09:40:17,3.95811
2022-06-06 09:40:18,3.40067
2022-06-06 09:40:19,4.85461
2022-06-06 09:40:20,0.400002
2022-06-06 09:40:21,1.1549
2022-06-06 09:40:22,4.98807
2022-06-06 09:40:23,4.2142
2022-06-06 09:40:24,3.11156
2022-06-06 09:40:25,0.951879
2022-06-06 09:40:26,0.399503
2022-06-06 09:40:27,3.93163
2022-06-06 09:40:28,3.95895
2022-06-06 09:40:29,2.34951
2022-06-06 09:40:30,1.40339
2022-06-06 09:40:31,0.450251
2022-06-06 09:40:32,4.11382
2022-06-06 09:40:33,4.44592
2022-06-06 09:40:34,0.601633
2022-06-06 09:40:35,0.499502
2022-06-06 09:40:36,0.300251
2022-06-06 09:40:37,2.66286
2022-06-06 09:40:38,5.02128
2022-06-06 09:40:39,5.60693
2022-06-06 09:40:40,2.60143
2022-06-06 09:40:41,0.250376
2022-06-06 09:40:42,1.96069
2022-06-06 09:40:43,5.22084
2022-06-06 09:40:44,5.0627
2022-06-06 09:40:45,2.50468
2022-06-06 09:40:46,0.59913
2022-06-06 09:40:47,0.70089
2022-06-06 09:40:48,4.92563
2022-06-06 09:40:49,3.61225
2022-06-06 09:40:50,4.00702
2022-06-06 09:40:51,0.553151
2022-06-06 09:40:52,0.550753
2022-06-06 09:40:53,3.01699
2022-06-06 09:40:54,6.74824
2022-06-06 09:40:55,2.11298
2022-06-06 09:40:56,0.300377
2022-06-06 09:40:57,1.84142
2022-06-06 09:40:58,4.74004
2022-06-06 09:40:59,3.06601
2022-06-06 09:41:00,3.10509
2022-06-06 09:41:01,0.300501
2022-06-06 09:41:02,1.60063
2022-06-06 09:41:03,5.42011
2022-06-06 09:41:04,3.918
2022-06-06 09:41:05,3.10384
2022-06-06 09:41:06,0.901385
2022-06-06 09:41:07,0.701267
2022-06-06 09:41:08,3.82116
2022-06-06 09:41:09,5.62327
2022-06-06 09:41:10,2.37046
2022-06-06 09:41:11,1.34552
2022-06-06 09:41:12,0.401141
2022-06-06 09:41:13,4.25901
2022-06-06 09:41:14,3.59592
2022-06-06 09:41:15,0.299751
2022-06-06 09:41:16,0.300251
2022-06-06 09:41:17,0.399877
2022-06-06 09:41:18,2.46841
2022-06-06 09:41:19,4.8428
2022-06-06 09:41:20,5.71219
2022-06-06 09:41:21,2.53856
2022-06-06 09:41:22,0.2
2022-06-06 09:41:23,2.7009
2022-06-06 09:41:24,3.92457
2022-06-06 09:41:25,2.2578
2022-06-06 09:41:26,0.250753
2022-06-06 09:41:27,0.298756
2022-06-06 09:41:28,1.0505
2022-06-06 09:41:29,5.63283
2022-06-06 09:41:30,3.85515
2022-06-06 09:41:31,0.449751
2022-06-06 09:41:32,1.80139
2022-06-06 09:41:33,5.92826
2022-06-06 09:41:34,4.22168
2022-06-06 09:41:35,4.65489
2022-06-06 09:41:36,0.548758
2022-06-06 09:41:37,1.85615
2022-06-06 09:41:38,3.66855
2022-06-06 09:41:39,4.61957
2022-06-06 09:41:40,4.20279
2022-06-06 09:41:41,3.6616
2022-06-06 09:41:42,1.05188
2022-06-06 09:41:43,0.299877
2022-06-06 09:41:44,0.549128
2022-06-06 09:41:45,0.300752
2022-06-06 09:41:46,2.21326
2022-06-06 09:41:47,4.52306
2022-06-06 09:41:48,2.21373
2022-06-06 09:41:49,0.450002
2022-06-06 09:41:50,1.60756
2022-06-06 09:41:51,3.50051
2022-06-06 09:41:52,4.42445
2022-06-06 09:41:53,5.29964
2022-06-06 09:41:54,2.11825
2022-06-06 09:41:55,0.300753
2022-06-06 09:41:56,4.00327
2022-06-06 09:41:57,5.21333
2022-06-06 09:41:58,5.1394
2022-06-06 09:41:59,2.94504
2022-06-06 09:42:00,0.399752
2022-06-06 09:42:01,3.56646
2022-06-06 09:42:02,4.92574
2022-06-06 09:42:03,3.64029
2022-06-06 09:42:04,1.10758
2022-06-06 09:42:05,0.350127
2022-06-06 09:42:06,4.63262
2022-06-06 09:42:07,4.76686
2022-06-06 09:42:08,3.00847
2022-06-06 09:42:09,1.10315
2022-06-06 09:42:10,0.500128
2022-06-06 09:42:11,4.20613
2022-06-06 09:42:12,5.06768
2022-06-06 09:42:13,2.85629
2022-06-06 09:42:14,1.70478
2022-06-06 09:42:15,0.499252
2022-06-06 09:42:16,2.6544
2022-06-06 09:42:17,4.15209
2022-06-06 09:42:18,3.49908
2022-06-06 09:42:19,1.45402
2022-06-06 09:42:20,0.399627
2022-06-06 09:42:21,3.11331
2022-06-06 09:42:22,4.91526
2022-06-06 09:42:23,2.99467
2022-06-06 09:42:24,2.90955
2022-06-06 09:42:25,0.350376
2022-06-06 09:42:26,1.96714
2022-06-06 09:42:27,4.49706
2022-06-06 09:42:28,2.79954
2022-06-06 09:42:29,2.81479
2022-06-06 09:42:30,0.449005
2022-06-06 09:42:31,1.65127
2022-06-06 09:42:32,4.50043
2022-06-06 09:42:33,5.16986
2022-06-06 09:42:34,2.50644
2022-06-06 09:42:35,1.20745
2022-06-06 09:42:36,0.549258
2022-06-06 09:42:37,5.40185
2022-06-06 09:42:38,3.65778
2022-06-06 09:42:39,5.78959
2022-06-06 09:42:40,0.399879
2022-06-06 09:42:41,0.399753
2022-06-06 09:42:42,4.40639
2022-06-06 09:42:43,3.87767
2022-06-06 09:42:44,3.26988
2022-06-06 09:42:45,1.44801
2022-06-06 09:42:46,0.300001
2022-06-06 09:42:47,3.1613
2022-06-06 09:42:48,4.66838
2022-06-06 09:42:49,2.80579
2022-06-06 09:42:50,0.649877
2022-06-06 09:42:51,0.602133
2022-06-06 09:42:52,5.1214
2022-06-06 09:42:53,3.76613
2022-06-06 09:42:54,0.450377
2022-06-06 09:42:55,0.399377
2022-06-06 09:42:56,0.952017
2022-06-06 09:42:57,3.51947
2022-06-06 09:42:58,5.12592
2022-06-06 09:42:59,4.72791
2022-06-06 09:43:00,1.75364
2022-06-06 09:43:01,0.499003
2022-06-06 09:43:02,3.6015
2022-06-06 09:43:03,3.97405
2022-06-06 09:43:04,1.85364
2022-06-06 09:43:05,0.652017
2022-06-06 09:43:06,0.499502
2022-06-06 09:43:07,2.00451
2022-06-06 09:43:08,4.98374
2022-06-06 09:43:09,4.65383
2022-06-06 09:43:10,4.5614
2022-06-06 09:43:11,0.801755
2022-06-06 09:43:12,1.04988
2022-06-06 09:43:13,4.92546
2022-06-06 09:43:14,3.35601
2022-06-06 09:43:15,0.450127
2022-06-06 09:43:16,0.399628
2022-06-06 09:43:17,0.499377
2022-06-06 09:43:18,3.06186
2022-06-06 09:43:19,5.9608
2022-06-06 09:43:20,3.07728
2022-06-06 09:43:21,2.29925
2022-06-06 09:43:22,0.300002
2022-06-06 09:43:23,4.29304
2022-06-06 09:43:24,5.16165
2022-06-06 09:43:25,1.64956
2022-06-06 09:43:26,0.400627
2022-06-06 09:43:27,0.449878
2022-06-06 09:43:28,3.19894
2022-06-06 09:43:29,4.71061
2022-06-06 09:43:30,4.81663
2022-06-06 09:43:31,3.79805
2022-06-06 09:43:32,2.00025
2022-06-06 09:43:33,0.350253
2022-06-06 09:43:34,3.80956
2022-06-06 09:43:35,1.45364
2022-06-06 09:43:36,0.601131
2022-06-06 09:43:37,0.300377
2022-06-06 09:43:38,0.549256
2022-06-06 09:43:39,2.00523
2022-06-06 09:43:40,3.00327
2022-06-06 09:43:41,0.350251
2022-06-06 09:43:42,0.499502
2022-06-06 09:43:43,0.400253
2022-06-06 09:43:44,1.85013
2022-06-06 09:43:45,5.04507
2022-06-06 09:43:46,0.450004
2022-06-06 09:43:47,0.399751
2022-06-06 09:43:48,0.449627
2022-06-06 09:43:49,0.951645
2022-06-06 09:43:50,4.9812
2022-06-06 09:43:51,0.89776
2022-06-06 09:43:52,0.250502
2022-06-06 09:43:53,0.549005
2022-06-06 09:43:54,0.80076
2022-06-06 09:43:55,5.67369
2022-06-06 09:43:56,0.949876
2022-06-06 09:43:57,0.84838
2022-06-06 09:43:58,5.39178
2022-06-06 09:43:59,4.4161
2022-06-06 09:44:00,6.17071
2022-06-06 09:44:01,6.08704
2022-06-06 09:44:02,6.88043
2022-06-06 09:44:03,0.949756
2022-06-06 09:44:04,0.949379
2022-06-06 09:44:05,4.06864
2022-06-06 09:44:06,5.36575
2022-06-06 09:44:07,0.650002
2022-06-06 09:44:08,0.853772
2022-06-06 09:44:09,8.45481
2022-06-06 09:44:10,3.81282
2022-06-06 09:44:11,3.41029
2022-06-06 09:44:12,0.49913
2022-06-06 09:44:13,1.45088
2022-06-06 09:44:14,5.40646
2022-06-06 09:44:15,3.21117
2022-06-06 09:44:16,3.35663
2022-06-06 09:44:17,3.45829
2022-06-06 09:44:18,0.399256
2022-06-06 09:44:19,3.22179
2022-06-06 09:44:20,4.04041
2022-06-06 09:44:21,5.12149
2022-06-06 09:44:22,1.30101
2022-06-06 09:44:23,0.697392
2022-06-06 09:44:24,4.19924
2022-06-06 09:44:25,4.10406
2022-06-06 09:44:26,3.88424
2022-06-06 09:44:27,2.85578
2022-06-06 09:44:28,0.549252
2022-06-06 09:44:29,3.30049
2022-06-06 09:44:30,4.06576
2022-06-06 09:44:31,4.68641
2022-06-06 09:44:32,3.31555
2022-06-06 09:44:33,0.300125
2022-06-06 09:44:34,2.36057
2022-06-06 09:44:35,5.4259
2022-06-06 09:44:36,3.40506
2022-06-06 09:44:37,2.20167
2022-06-06 09:44:38,0.400128
2022-06-06 09:44:39,2.35338
2022-06-06 09:44:40,4.61085
2022-06-06 09:44:41,2.95203
2022-06-06 09:44:42,2.58489
2022-06-06 09:44:43,0.350003
2022-06-06 09:44:44,1.05808
2022-06-06 09:44:45,5.11083
2022-06-06 09:44:46,3.34852
2022-06-06 09:44:47,2.10364
2022-06-06 09:44:48,0.750501
2022-06-06 09:44:49,1.59788
2022-06-06 09:44:50,5.25593
2022-06-06 09:44:51,4.19617
2022-06-06 09:44:52,2.46348
2022-06-06 09:44:53,0.801254
2022-06-06 09:44:54,0.350503
2022-06-06 09:44:55,4.2166
2022-06-06 09:44:56,4.30936
2022-06-06 09:44:57,3.09694
2022-06-06 09:44:58,1.25177
2022-06-06 09:44:59,0.599635
2022-06-06 09:45:00,3.72229
2022-06-06 09:45:01,4.00585
2022-06-06 09:45:02,3.20029
2022-06-06 09:45:03,1.40214
2022-06-06 09:45:04,0.300752
2022-06-06 09:45:05,3.20115
2022-06-06 09:45:06,4.44523
2022-06-06 09:45:07,0.200125
2022-06-06 09:45:08,0.449627
2022-06-06 09:45:09,0.200251
2022-06-06 09:45:10,1.60152
2022-06-06 09:45:11,3.45405
2022-06-06 09:45:12,0.449504
2022-06-06 09:45:13,0.350127
2022-06-06 09:45:14,2.00831
2022-06-06 09:45:15,4.91047
2022-06-06 09:45:16,4.56252
2022-06-06 09:45:17,0.702265
2022-06-06 09:45:18,4.67062
2022-06-06 09:45:19,4.75351
2022-06-06 09:45:20,3.83056
2022-06-06 09:45:21,3.36572
2022-06-06 09:45:22,1.7597
2022-06-06 09:45:23,0.400128
2022-06-06 09:45:24,3.01839
2022-06-06 09:45:25,5.56612
2022-06-06 09:45:26,2.65163
2022-06-06 09:45:27,3.72584
2022-06-06 09:45:28,0.650252
2022-06-06 09:45:29,1.35164
2022-06-06 09:45:30,5.47502
2022-06-06 09:45:31,4.65843
2022-06-06 09:45:32,2.96118
2022-06-06 09:45:33,3.16547
2022-06-06 09:45:34,0.398382
2022-06-06 09:45:35,0.400501
2022-06-06 09:45:36,1.45038
2022-06-06 09:45:37,4.67073
2022-06-06 09:45:38,3.42751
2022-06-06 09:45:39,2.38715
2022-06-06 09:45:40,0.400501
2022-06-06 09:45:41,4.09453
2022-06-06 09:45:42,3.11461
2022-06-06 09:45:43,4.92134
2022-06-06 09:45:44,0.808353
2022-06-06 09:45:45,0.498507
2022-06-06 09:45:46,4.17023
2022-06-06 09:45:47,4.13978
2022-06-06 09:45:48,2.85668
2022-06-06 09:45:49,2.00127
2022-06-06 09:45:50,0.249751
2022-06-06 09:45:51,3.36294
2022-06-06 09:45:52,4.90426
2022-06-06 09:45:53,2.6721
2022-06-06 09:45:54,2.20917
2022-06-06 09:45:55,0.349753
2022-06-06 09:45:56,1.84628
2022-06-06 09:45:57,5.12508
2022-06-06 09:45:58,3.9091
2022-06-06 09:45:59,2.05276
2022-06-06 09:46:00,0.399877
2022-06-06 09:46:01,2.56615
2022-06-06 09:46:02,4.56358
2022-06-06 09:46:03,4.15554
2022-06-06 09:46:04,1.10289
2022-06-06 09:46:05,0.601262
2022-06-06 09:46:06,4.25242
2022-06-06 09:46:07,4.30708
2022-06-06 09:46:08,5.12926
2022-06-06 09:46:09,2.9563
2022-06-06 09:46:10,2.29824
2022-06-06 09:46:11,0.300501
2022-06-06 09:46:12,0.602138
2022-06-06 09:46:13,6.11244
2022-06-06 09:46:14,3.46545
2022-06-06 09:46:15,2.65803
2022-06-06 09:46:16,2.60053
2022-06-06 09:46:17,1.24988
2022-06-06 09:46:18,0.249877
2022-06-06 09:46:19,0.500251
2022-06-06 09:46:20,3.60866
2022-06-06 09:46:21,3.92556
2022-06-06 09:46:22,6.82485
2022-06-06 09:46:23,3.69781
2022-06-06 09:46:24,0.701135
2022-06-06 09:46:25,1.2539
2022-06-06 09:46:26,4.11471
2022-06-06 09:46:27,4.59192
2022-06-06 09:46:28,0.549879
2022-06-06 09:46:29,1.84789
2022-06-06 09:46:30,4.70515
2022-06-06 09:46:31,3.93419
2022-06-06 09:46:32,2.7
2022-06-06 09:46:33,0.500253
2022-06-06 09:46:34,1.75504
2022-06-06 09:46:35,4.83849
2022-06-06 09:46:36,3.45951
2022-06-06 09:46:37,2.20779
2022-06-06 09:46:38,1.50565
2022-06-06 09:46:39,2.6814
2022-06-06 09:46:40,0.300377
2022-06-06 09:46:41,0.398384
2022-06-06 09:46:42,0.500253
2022-06-06 09:46:43,5.74728
2022-06-06 09:46:44,4.54237
2022-06-06 09:46:45,4.16416
2022-06-06 09:46:46,3.22818
2022-06-06 09:46:47,0.801005
2022-06-06 09:46:48,1.30163
2022-06-06 09:46:49,5.00804
2022-06-06 09:46:50,3.02446
2022-06-06 09:46:51,0.499503
2022-06-06 09:46:52,0.400376
2022-06-06 09:46:53,3.45956
2022-06-06 09:46:54,4.65165
2022-06-06 09:46:55,4.74156
2022-06-06 09:46:56,3.45197
2022-06-06 09:46:57,2.69608
2022-06-06 09:46:58,0.350502
2022-06-06 09:46:59,1.15213
2022-06-06 09:47:00,4.86131
2022-06-06 09:47:01,1.45213
2022-06-06 09:47:02,0.300251
2022-06-06 09:47:03,0.449381
2022-06-06 09:47:04,3.35894
2022-06-06 09:47:05,4.5535
2022-06-06 09:47:06,2.10792
2022-06-06 09:47:07,0.500503
2022-06-06 09:47:08,0.799379
2022-06-06 09:47:09,3.68589
2022-06-06 09:47:10,4.36675
2022-06-06 09:47:11,3.81396
2022-06-06 09:47:12,0.798518
2022-06-06 09:47:13,1.00088
2022-06-06 09:47:14,4.32062
2022-06-06 09:47:15,4.66047
2022-06-06 09:47:16,4.01902
2022-06-06 09:47:17,1.00113
2022-06-06 09:47:18,0.400752
2022-06-06 09:47:19,3.71915
2022-06-06 09:47:20,4.45814
2022-06-06 09:47:21,5.0964
2022-06-06 09:47:22,1.30365
2022-06-06 09:47:23,0.949384
2022-06-06 09:47:24,3.61082
2022-06-06 09:47:25,4.76676
2022-06-06 09:47:26,3.90809
2022-06-06 09:47:27,2.00553
2022-06-06 09:47:28,0.549379
2022-06-06 09:47:29,2.91511
2022-06-06 09:47:30,4.54655
2022-06-06 09:47:31,3.0559
2022-06-06 09:47:32,1.96325
2022-06-06 09:47:33,3.1131
2022-06-06 09:47:34,1.00201
2022-06-06 09:47:35,0.698135
2022-06-06 09:47:36,0.299254
2022-06-06 09:47:37,0.450002
2022-06-06 09:47:38,0.5
2022-06-06 09:47:39,3.90072
2022-06-06 09:47:40,4.88288
2022-06-06 09:47:41,0.350251
2022-06-06 09:47:42,2.0067
2022-06-06 09:47:43,5.61198
2022-06-06 09:47:44,5.13993
2022-06-06 09:47:45,4.25511
2022-06-06 09:47:46,1.30188
2022-06-06 09:47:47,1.451
2022-06-06 09:47:48,3.96409
2022-06-06 09:47:49,5.86837
2022-06-06 09:47:50,4.80678
2022-06-06 09:47:51,1.1504
2022-06-06 09:47:52,0.350377
2022-06-06 09:47:53,4.78783
2022-06-06 09:47:54,4.97389
2022-06-06 09:47:55,3.35544
2022-06-06 09:47:56,2.34526
2022-06-06 09:47:57,0.501006
2022-06-06 09:47:58,2.73199
2022-06-06 09:47:59,2.69894
2022-06-06 09:48:00,3.17243
2022-06-06 09:48:01,0.350252
2022-06-06 09:48:02,0.94813
2022-06-06 09:48:03,4.60642
2022-06-06 09:48:04,6.21086
2022-06-06 09:48:05,5.04829
2022-06-06 09:48:06,1.95052
2022-06-06 09:48:07,0.549008
2022-06-06 09:48:08,4.20833
2022-06-06 09:48:09,5.40642
2022-06-06 09:48:10,4.165
2022-06-06 09:48:11,2.39741
2022-06-06 09:48:12,0.350125
2022-06-06 09:48:13,3.30363
2022-06-06 09:48:14,4.06727
2022-06-06 09:48:15,3.80511
2022-06-06 09:48:16,1.95414
2022-06-06 09:48:17,0.651004
2022-06-06 09:48:18,2.31031
2022-06-06 09:48:19,5.1807
2022-06-06 09:48:20,3.10846
2022-06-06 09:48:21,2.20679
2022-06-06 09:48:22,0.498139
2022-06-06 09:48:23,2.64159
2022-06-06 09:48:24,4.61796
2022-06-06 09:48:25,3.25726
2022-06-06 09:48:26,2.74801
2022-06-06 09:48:27,0.850384
2022-06-06 09:48:28,0.400382
2022-06-06 09:48:29,4.75935
2022-06-06 09:48:30,5.31132
2022-06-06 09:48:31,3.70442
2022-06-06 09:48:32,1.60618
2022-06-06 09:48:33,0.500002
2022-06-06 09:48:34,3.43658
2022-06-06 09:48:35,4.70301
2022-06-06 09:48:36,2.67232
2022-06-06 09:48:37,2.34389
2022-06-06 09:48:38,0.450001
2022-06-06 09:48:39,2.36379
2022-06-06 09:48:40,5.60568
2022-06-06 09:48:41,2.60956
2022-06-06 09:48:42,2.49402
2022-06-06 09:48:43,0.300125
2022-06-06 09:48:44,1.85351
2022-06-06 09:48:45,6.56228
2022-06-06 09:48:46,3.42006
2022-06-06 09:48:47,1.75794
2022-06-06 09:48:48,0.74801
2022-06-06 09:48:49,1.463
2022-06-06 09:48:50,4.09464
2022-06-06 09:48:51,3.80265
2022-06-06 09:48:52,1.90618
2022-06-06 09:48:53,0.300251
2022-06-06 09:48:54,4.19182
2022-06-06 09:48:55,4.36922
2022-06-06 09:48:56,0.499007
2022-06-06 09:48:57,0.349751
2022-06-06 09:48:58,0.150376
2022-06-06 09:48:59,5.16691
2022-06-06 09:49:00,6.11864
2022-06-06 09:49:01,0.851134
2022-06-06 09:49:02,0.699508
2022-06-06 09:49:03,4.3787
2022-06-06 09:49:04,4.51515
2022-06-06 09:49:05,4.27304
2022-06-06 09:49:06,1.99851
2022-06-06 09:49:07,0.450376
2022-06-06 09:49:08,3.97081
2022-06-06 09:49:09,4.11487
2022-06-06 09:49:10,3.15305
2022-06-06 09:49:11,3.06926
2022-06-06 09:49:12,2.3005
2022-06-06 09:49:13,1.3519
2022-06-06 09:49:14,0.498757
2022-06-06 09:49:15,2.75989
2022-06-06 09:49:16,3.57162
2022-06-06 09:49:17,0.499254
2022-06-06 09:49:18,0.350377
2022-06-06 09:49:19,4.46786
2022-06-06 09:49:20,5.11787
2022-06-06 09:49:21,2.85336
2022-06-06 09:49:22,0.350125
2022-06-06 09:49:23,0.200125
2022-06-06 09:49:24,3.85465
2022-06-06 09:49:25,5.4547
2022-06-06 09:49:26,4.24991
2022-06-06 09:49:27,2.24864
2022-06-06 09:49:28,0.600501
2022-06-06 09:49:29,2.80429
2022-06-06 09:49:30,4.11483
2022-06-06 09:49:31,4.05806
2022-06-06 09:49:32,2.97416
2022-06-06 09:49:33,0.549378
2022-06-06 09:49:34,3.07575
2022-06-06 09:49:35,5.14646
2022-06-06 09:49:36,3.48768
2022-06-06 09:49:37,1.20441
2022-06-06 09:49:38,0.400752
2022-06-06 09:49:39,4.12687
2022-06-06 09:49:40,4.00519
2022-06-06 09:49:41,2.75303
2022-06-06 09:49:42,1.05163
2022-06-06 09:49:43,0.300251
2022-06-06 09:49:44,3.41788
2022-06-06 09:49:45,4.41036
2022-06-06 09:49:46,2.50589
2022-06-06 09:49:47,3.21792
2022-06-06 09:49:48,0.501507
2022-06-06 09:49:49,1.04716
2022-06-06 09:49:50,5.34353
2022-06-06 09:49:51,4.021
2022-06-06 09:49:52,2.30313
2022-06-06 09:49:53,0.94852
2022-06-06 09:49:54,0.300752
2022-06-06 09:49:55,5.01729
2022-06-06 09:49:56,4.16049
2022-06-06 09:49:57,2.95673
2022-06-06 09:49:58,1.94676
2022-06-06 09:49:59,0.351131
2022-06-06 09:50:00,3.11135
2022-06-06 09:50:01,4.97578
2022-06-06 09:50:02,1.80202
2022-06-06 09:50:03,2.61321
2022-06-06 09:50:04,4.94162
2022-06-06 09:50:05,2.95918
2022-06-06 09:50:06,2.7514
2022-06-06 09:50:07,2.24864
2022-06-06 09:50:08,0.249877
2022-06-06 09:50:09,3.38049
2022-06-06 09:50:10,5.04927
2022-06-06 09:50:11,2.94689
2022-06-06 09:50:12,2.27174
2022-06-06 09:50:13,0.499127
2022-06-06 09:50:14,1.45553
2022-06-06 09:50:15,5.64182
2022-06-06 09:50:16,3.65019
2022-06-06 09:50:17,2.75592
2022-06-06 09:50:18,2.40189
2022-06-06 09:50:19,0.200627
2022-06-06 09:50:20,2.15491
2022-06-06 09:50:21,5.68324
2022-06-06 09:50:22,2.21566
2022-06-06 09:50:23,2.95905
2022-06-06 09:50:24,0.600633
2022-06-06 09:50:25,1.55177
2022-06-06 09:50:26,5.12105
2022-06-06 09:50:27,2.05265
2022-06-06 09:50:28,0.349627
2022-06-06 09:50:29,0.499505
2022-06-06 09:50:30,3.25822
2022-06-06 09:50:31,5.0713
2022-06-06 09:50:32,2.25494
2022-06-06 09:50:33,0.450127
2022-06-06 09:50:34,0.448878
2022-06-06 09:50:35,1.99978
2022-06-06 09:50:36,5.99143
2022-06-06 09:50:37,4.83015
2022-06-06 09:50:38,0.499878
2022-06-06 09:50:39,1.05238
2022-06-06 09:50:40,4.68084
2022-06-06 09:50:41,4.70025
2022-06-06 09:50:42,2.17279
2022-06-06 09:50:43,0.349381
2022-06-06 09:50:44,0.299382
2022-06-06 09:50:45,4.35539
2022-06-06 09:50:46,3.36227
2022-06-06 09:50:47,4.8174
2022-06-06 09:50:48,1.89838
2022-06-06 09:50:49,0.300003
2022-06-06 09:50:50,3.58134
2022-06-06 09:50:51,4.33427
2022-06-06 09:50:52,4.3153
2022-06-06 09:50:53,2.50127
2022-06-06 09:50:54,3.1625
2022-06-06 09:50:55,0.350253
2022-06-06 09:50:56,0.649631
2022-06-06 09:50:57,0.898755
2022-06-06 09:50:58,0.449877
2022-06-06 09:50:59,3.45589
2022-06-06 09:51:00,4.5108
2022-06-06 09:51:01,0.599252
2022-06-06 09:51:02,0.399877
2022-06-06 09:51:03,0.44913
2022-06-06 09:51:04,2.39708
2022-06-06 09:51:05,4.27104
2022-06-06 09:51:06,0.69801
2022-06-06 09:51:07,0.400125
2022-06-06 09:51:08,0.399752
2022-06-06 09:51:09,0.400127
2022-06-06 09:51:10,4.1147
2022-06-06 09:51:11,5.86094
2022-06-06 09:51:12,1.00517
2022-06-06 09:51:13,0.350251
2022-06-06 09:51:14,0.400377
2022-06-06 09:51:15,3.45331
2022-06-06 09:51:16,7.44947
2022-06-06 09:51:17,5.77623
2022-06-06 09:51:18,5.53888
2022-06-06 09:51:19,0.350128
2022-06-06 09:51:20,2.35553
2022-06-06 09:51:21,4.49937
2022-06-06 09:51:22,0.701887
2022-06-06 09:51:23,0.499877
2022-06-06 09:51:24,0.449381
2022-06-06 09:51:25,1.20178
2022-06-06 09:51:26,5.63229
2022-06-06 09:51:27,6.07578
2022-06-06 09:51:28,7.99144
2022-06-06 09:51:29,1.05175
2022-06-06 09:51:30,0.300376
2022-06-06 09:51:31,5.09224
2022-06-06 09:51:32,0.699007
2022-06-06 09:51:33,0.349377
2022-06-06 09:51:34,0.450125
2022-06-06 09:51:35,0.200502
2022-06-06 09:51:36,3.8028
2022-06-06 09:51:37,1.79307
2022-06-06 09:51:38,0.399256
2022-06-06 09:51:39,0.548389
2022-06-06 09:51:40,0.350376
2022-06-06 09:51:41,3.37017
2022-06-06 09:51:42,5.80555
2022-06-06 09:51:43,5.89598
2022-06-06 09:51:44,5.76584
2022-06-06 09:51:45,7.49063
2022-06-06 09:51:46,1.99765
2022-06-06 09:51:47,0.449381
2022-06-06 09:51:48,0.500135
2022-06-06 09:51:49,4.30669
2022-06-06 09:51:50,7.06008
2022-06-06 09:51:51,3.91259
2022-06-06 09:51:52,0.800504
2022-06-06 09:51:53,0.301004
2022-06-06 09:51:54,4.36747
2022-06-06 09:51:55,5.2906
2022-06-06 09:51:56,4.62022
2022-06-06 09:51:57,1.45465
2022-06-06 09:51:58,0.400003
2022-06-06 09:51:59,4.25359
2022-06-06 09:52:00,4.01573
2022-06-06 09:52:01,4.61797
2022-06-06 09:52:02,2.41364
2022-06-06 09:52:03,0.449628
2022-06-06 09:52:04,3.05028
2022-06-06 09:52:05,4.90478
2022-06-06 09:52:06,5.06929
2022-06-06 09:52:07,2.74892
2022-06-06 09:52:08,0.399003
2022-06-06 09:52:09,4.3903
2022-06-06 09:52:10,5.51095
2022-06-06 09:52:11,2.36044
2022-06-06 09:52:12,0.450128
2022-06-06 09:52:13,0.498881
2022-06-06 09:52:14,1.45762
2022-06-06 09:52:15,6.10028
2022-06-06 09:52:16,2.9509
2022-06-06 09:52:17,0.599503
2022-06-06 09:52:18,0.349505
2022-06-06 09:52:19,1.14664
2022-06-06 09:52:20,5.64062
2022-06-06 09:52:21,3.21281
2022-06-06 09:52:22,4.00852
2022-06-06 09:52:23,2.35942
2022-06-06 09:52:24,1.19763
2022-06-06 09:52:25,4.90642
2022-06-06 09:52:26,3.78582
2022-06-06 09:52:27,0.901505
2022-06-06 09:52:28,0.598756
2022-06-06 09:52:29,0.400001
2022-06-06 09:52:30,1.55176
2022-06-06 09:52:31,4.61949
2022-06-06 09:52:32,1.30669
2022-06-06 09:52:33,0.549132
2022-06-06 09:52:34,3.6589
2022-06-06 09:52:35,5.18971
2022-06-06 09:52:36,4.55414
2022-06-06 09:52:37,4.01077
2022-06-06 09:52:38,4.53124
2022-06-06 09:52:39,5.56411
2022-06-06 09:52:40,3.46373
2022-06-06 09:52:41,0.350125
2022-06-06 09:52:42,2.46489
2022-06-06 09:52:43,4.67528
2022-06-06 09:52:44,4.37165
2022-06-06 09:52:45,2.19577
2022-06-06 09:52:46,0.550002
2022-06-06 09:52:47,3.00504
2022-06-06 09:52:48,5.04545
2022-06-06 09:52:49,4.7975
2022-06-06 09:52:50,1.59951
2022-06-06 09:52:51,0.400253
2022-06-06 09:52:52,3.20784
2022-06-06 09:52:53,4.92885
2022-06-06 09:52:54,2.45251
2022-06-06 09:52:55,1.75127
2022-06-06 09:52:56,0.598389
2022-06-06 09:52:57,2.20469
2022-06-06 09:52:58,5.89756
2022-06-06 09:52:59,3.2218
2022-06-06 09:53:00,1.35025
2022-06-06 09:53:01,0.450001
2022-06-06 09:53:02,1.59864
2022-06-06 09:53:03,4.92004
2022-06-06 09:53:04,4.38433
2022-06-06 09:53:05,1.90048
2022-06-06 09:53:06,0.350376
2022-06-06 09:53:07,0.499627
2022-06-06 09:53:08,2.20873
2022-06-06 09:53:09,4.17167
2022-06-06 09:53:10,3.05514
2022-06-06 09:53:11,0.448756
2022-06-06 09:53:12,0.449877
2022-06-06 09:53:13,3.9034
2022-06-06 09:53:14,5.50129
2022-06-06 09:53:15,4.01433
2022-06-06 09:53:16,0.300251
2022-06-06 09:53:17,2.92041
2022-06-06 09:53:18,4.324
2022-06-06 09:53:19,5.36374
2022-06-06 09:53:20,4.04976
2022-06-06 09:53:21,0.598765
2022-06-06 09:53:22,3.20492
2022-06-06 09:53:23,3.46318
2022-06-06 09:53:24,5.23705
2022-06-06 09:53:25,3.56088
2022-06-06 09:53:26,0.54913
2022-06-06 09:53:27,0.499751
2022-06-06 09:53:28,3.91597
2022-06-06 09:53:29,5.63308
2022-06-06 09:53:30,2.55053
2022-06-06 09:53:31,0.450501
2022-06-06 09:53:32,0.349507
2022-06-06 09:53:33,0.449876
2022-06-06 09:53:34,2.99651
2022-06-06 09:53:35,4.63843
2022-06-06 09:53:36,3.30815
2022-06-06 09:53:37,0.953015
2022-06-06 09:53:38,0.299379
2022-06-06 09:53:39,2.74713
2022-06-06 09:53:40,3.95945
2022-06-06 09:53:41,4.40682
2022-06-06 09:53:42,2.10039
2022-06-06 09:53:43,0.598387
2022-06-06 09:53:44,3.56791
2022-06-06 09:53:45,5.21892
2022-06-06 09:53:46,6.3
2022-06-06 09:53:47,1.56389
2022-06-06 09:53:48,0.399256
2022-06-06 09:53:49,3.17967
2022-06-06 09:53:50,4.91438
2022-06-06 09:53:51,4.61623
2022-06-06 09:53:52,1.99766
2022-06-06 09:53:53,0.499626
2022-06-06 09:53:54,4.52723
2022-06-06 09:53:55,5.19992
2022-06-06 09:53:56,5.30178
2022-06-06 09:53:57,2.86686
2022-06-06 09:53:58,3.00919
2022-06-06 09:53:59,1.60014
2022-06-06 09:54:00,0.749256
2022-06-06 09:54:01,3.40831
2022-06-06 09:54:02,4.01195
2022-06-06 09:54:03,0.94976
2022-06-06 09:54:04,0.450251
2022-06-06 09:54:05,0.400376
2022-06-06 09:54:06,2.15657
2022-06-06 09:54:07,4.30533
2022-06-06 09:54:08,5.16745
2022-06-06 09:54:09,0.751263
2022-06-06 09:54:10,0.450376
2022-06-06 09:54:11,4.46799
2022-06-06 09:54:12,5.00943
2022-06-06 09:54:13,4.52773
2022-06-06 09:54:14,4.2305
2022-06-06 09:54:15,2.00414
2022-06-06 09:54:16,0.349753
2022-06-06 09:54:17,3.70104
2022-06-06 09:54:18,4.66184
2022-06-06 09:54:19,0.952005
2022-06-06 09:54:20,0.450501
2022-06-06 09:54:21,0.747515
2022-06-06 09:54:22,3.42006
2022-06-06 09:54:23,5.96037
2022-06-06 09:54:24,3.82012
2022-06-06 09:54:25,0.350376
2022-06-06 09:54:26,2.37646
2022-06-06 09:54:27,4.7044
2022-06-06 09:54:28,4.36389
2022-06-06 09:54:29,2.56006
2022-06-06 09:54:30,0.250251
2022-06-06 09:54:31,1.05453
2022-06-06 09:54:32,5.80078
2022-06-06 09:54:33,5.22748
2022-06-06 09:54:34,3.91573
2022-06-06 09:54:35,0.350251
2022-06-06 09:54:36,1.83847
2022-06-06 09:54:37,4.49939
2022-06-06 09:54:38,4.72186
2022-06-06 09:54:39,2.75667
2022-06-06 09:54:40,2.40783
2022-06-06 09:54:41,1.5064
2022-06-06 09:54:42,0.449006
2022-06-06 09:54:43,4.5754
2022-06-06 09:54:44,4.80195
2022-06-06 09:54:45,1.01105
2022-06-06 09:54:46,0.299751
2022-06-06 09:54:47,0.450378
2022-06-06 09:54:48,4.31582
2022-06-06 09:54:49,5.18452
2022-06-06 09:54:50,2.35665
2022-06-06 09:54:51,0.449377
2022-06-06 09:54:52,1.61612
2022-06-06 09:54:53,4.32642
2022-06-06 09:54:54,5.53713
2022-06-06 09:54:55,3.7091
2022-06-06 09:54:56,2.91776
2022-06-06 09:54:57,0.699508
2022-06-06 09:54:58,0.299876
2022-06-06 09:54:59,0.350253
2022-06-06 09:55:00,3.99691
2022-06-06 09:55:01,4.72049
2022-06-06 09:55:02,3.60739
2022-06-06 09:55:03,0.400001
2022-06-06 09:55:04,0.998256
2022-06-06 09:55:05,5.31875
2022-06-06 09:55:06,4.58462
2022-06-06 09:55:07,4.44899
2022-06-06 09:55:08,1.65364
2022-06-06 09:55:09,0.601003
2022-06-06 09:55:10,4.23454
2022-06-06 09:55:11,5.99326
2022-06-06 09:55:12,2.19927
2022-06-06 09:55:13,2.01058
2022-06-06 09:55:14,0.44913
2022-06-06 09:55:15,2.64877
2022-06-06 09:55:16,4.44999
2022-06-06 09:55:17,2.85831
2022-06-06 09:55:18,2.75018
2022-06-06 09:55:19,0.550251
2022-06-06 09:55:20,2.55577
2022-06-06 09:55:21,4.66083
2022-06-06 09:55:22,3.24984
2022-06-06 09:55:23,2.55742
2022-06-06 09:55:24,0.350125
2022-06-06 09:55:25,1.55391
2022-06-06 09:55:26,4.92656
2022-06-06 09:55:27,4.50002
2022-06-06 09:55:28,3.1397
2022-06-06 09:55:29,0.652386
2022-06-06 09:55:30,1.30238
2022-06-06 09:55:31,4.40341
2022-06-06 09:55:32,3.15916
2022-06-06 09:55:33,3.47522
2022-06-06 09:55:34,3.42751
2022-06-06 09:55:35,1.60641
2022-06-06 09:55:36,2.27173
2022-06-06 09:55:37,0.748009
2022-06-06 09:55:38,0.299877
2022-06-06 09:55:39,0.350752
2022-06-06 09:55:40,2.15139
2022-06-06 09:55:41,5.65892
2022-06-06 09:55:42,4.70592
2022-06-06 09:55:43,3.15968
2022-06-06 09:55:44,0.350376
2022-06-06 09:55:45,0.299877
2022-06-06 09:55:46,0.803277
2022-06-06 09:55:47,6.38129
2022-06-06 09:55:48,2.39502
2022-06-06 09:55:49,5.34569
2022-06-06 09:55:50,4.74686
2022-06-06 09:55:51,1.15414
2022-06-06 09:55:52,0.400501
2022-06-06 09:55:53,4.46248
2022-06-06 09:55:54,4.60732
2022-06-06 09:55:55,4.05343
2022-06-06 09:55:56,5.01772
2022-06-06 09:55:57,1.40377
2022-06-06 09:55:58,0.498756
2022-06-06 09:55:59,0.350253
2022-06-06 09:56:00,0.299751
2022-06-06 09:56:01,1.35629
2022-06-06 09:56:02,5.213
2022-06-06 09:56:03,4.45236
2022-06-06 09:56:04,3.75894
2022-06-06 09:56:05,0.450253
2022-06-06 09:56:06,0.450379
2022-06-06 09:56:07,4.58028
2022-06-06 09:56:08,4.46884
2022-06-06 09:56:09,0.300377
2022-06-06 09:56:10,0.751261
2022-06-06 09:56:11,4.36759
2022-06-06 09:56:12,3.55984
2022-06-06 09:56:13,2.0558
2022-06-06 09:56:14,0.300251
2022-06-06 09:56:15,2.25179
2022-06-06 09:56:16,2.16363
2022-06-06 09:56:17,0.449751
