time,guest_nice,guest,steal,softirq,irq,user,system,nice,iowait
2022-05-30 18:22:06,0,0,0,0,0,0.2487562,0.7462687,0,0
2022-05-30 18:22:05,0,0,0,0.25,0,0.25,0.25,0,0
2022-05-30 18:22:04,0,0,0.2493766,0.2493766,0,0,0.2493766,0,0
2022-05-30 18:22:03,0,0,0,0,0,0.2506266,0,0,0
2022-05-30 18:22:02,0,0,0,0,0,0.25,0.5,0,0
2022-05-30 18:22:01,0,0,0,0,0,0,0.2512563,0,0
2022-05-30 18:22:00,0,0,0,0,0,0.25,0.25,0,0
2022-05-30 18:21:59,0,0,0,0,0,0,0.2518892,0,0
2022-05-30 18:21:58,0,0,0,0,0,0.25,0.25,0,0
2022-05-30 18:21:57,0,0,0,0,0,0.5012531,1.0025063,0,0.5012531
2022-05-30 18:21:56,0,0,0,0.2512563,0,0,1.2562814,0,0.2512563
2022-05-30 18:21:55,0,0,0,0,0,0,0.2512563,0,0
2022-05-30 18:21:54,0,0,0,0,0,0.2493766,0.4987531,0,0
2022-05-30 18:21:53,0,0,0,0,0,0.2506266,0.2506266,0,0
2022-05-30 18:21:52,0,0,0.2487562,0.2487562,0,0.2487562,0.2487562,0,0.2487562
2022-05-30 18:21:51,0,0,0.2518892,0,0,0.2518892,0,0,0
2022-05-30 18:21:50,0,0,0,0.25,0,0.25,0.5,0,0
2022-05-30 18:21:49,0,0,0,0,0,0,0.2506266,0,0
2022-05-30 18:21:48,0,0,0,0,0,0,0.2506266,0,0
2022-05-30 18:21:47,0,0,0,0.2506266,0,0.2506266,0.2506266,0,0
2022-05-30 18:21:46,0,0,0.2487562,0.9950249,0,12.935323,1.741294,0,0
2022-05-30 18:21:45,0,0,0,0.5128205,0,6.923077,1.025641,0,0
2022-05-30 18:21:44,0,0,0,0.5154639,0,2.57732,0.5154639,0,0
2022-05-30 18:21:43,0,0,0.255102,0.255102,0,0.5102041,0.255102,0,0
2022-05-30 18:21:42,0,0,0,0,0,0.511509,0.2557545,0,0
2022-05-30 18:21:41,0,0,0,0,0,0.7614213,0.5076142,0,0
2022-05-30 18:21:40,0,0,0.2506266,1.5037594,0,14.285714,2.756892,0,0
2022-05-30 18:21:39,0,0,0,1.4814815,0,50.61728,3.703704,0,0
2022-05-30 18:21:38,0,0,0.2487562,0.7462687,0,14.179104,2.736318,0,0
2022-05-30 18:21:37,0,0,0,0,0,0.2493766,0.7481297,0,0
2022-05-30 18:21:36,0,0,0,0,0,0.2506266,0.2506266,0,0
2022-05-30 18:21:35,0,0,0,0,0,0.2506266,0.2506266,0,0
2022-05-30 18:21:34,0,0,0,0.2487562,0,0.2487562,0.4975124,0,0
2022-05-30 18:21:33,0,0,0,0,0,0.25,0.25,0,0.25
2022-05-30 18:21:32,0,0,0,0,0,0.25,0.25,0,0
2022-05-30 18:21:31,0,0,0,0,0,0,0.2506266,0,0
2022-05-30 18:21:30,0,0,0,0.25,0,0.25,0.25,0,0
2022-05-30 18:21:29,0,0,0,0,0,0.2506266,0.2506266,0,0
2022-05-30 18:21:28,0,0,0,0.2506266,0,0,0.2506266,0,0
2022-05-30 18:21:27,0,0,0,0,0,0.25,0.25,0,0
2022-05-30 18:21:26,0,0,0,0,0,0,0.5012531,0,0
2022-05-30 18:21:25,0,0,0,0,0,0.2506266,0.2506266,0,0
2022-05-30 18:21:24,0,0,0,0,0,0,0.5012531,0,0
2022-05-30 18:21:23,0,0,0.4987531,0,0,0.4987531,0.4987531,0,0
2022-05-30 18:21:22,0,0,0,0,0,0,0.5012531,0,0
2022-05-30 18:21:21,0,0,0,0,0,0.2493766,0.4987531,0,0.2493766
2022-05-30 18:21:20,0,0,0,0.25,0,0.25,0,0,0
2022-05-30 18:21:19,0,0,0,0,0,0,0.5025126,0,0
2022-05-30 18:21:18,0,0,0,0.2493766,0,0.2493766,0.2493766,0,0
2022-05-30 18:21:17,0,0,0,0,0,0,0.2512563,0,0
2022-05-30 18:21:16,0,0,0,0,0,0.4975124,0.4975124,0,0
2022-05-30 18:21:15,0,0,0,0,0,0.5012531,0.2506266,0,0
2022-05-30 18:21:14,0,0,0,0.4975124,0,12.189055,2.736318,0,0
2022-05-30 18:21:13,0,0,0.2469136,0.4938272,0,29.87654,3.950617,0,0
2022-05-30 18:21:12,0,0,0,0.9876543,0,50.12346,3.45679,0,0
2022-05-30 18:21:11,0,0,0,0.4987531,0,20.44888,1.995012,0,0.2493766
2022-05-30 18:21:10,0,0,0,0,0,0.4987531,0.2493766,0,0
2022-05-30 18:21:09,0,0,0.25,0,0,0.5,0.5,0,0
2022-05-30 18:21:08,0,0,0.2463054,0.9852217,0,16.99507,2.216749,0,0
2022-05-30 18:21:07,0,0,0.2475248,1.732673,0,34.65347,4.950495,0,0.7425743
2022-05-30 18:21:06,0,0,0.5102041,1.0204082,0,62.7551,4.081633,0,0
2022-05-30 18:21:05,0,0,0.5128205,1.025641,0,30.51282,4.358974,0,0
2022-05-30 18:21:04,0,0,0.5167959,0.5167959,0,2.583979,1.0335917,0,0
2022-05-30 18:21:03,0,0,0.2518892,1.0075567,0,41.30982,3.274559,0,0
2022-05-30 18:21:02,0,0,1.010101,1.767677,0,68.43434,4.545455,0,0
2022-05-30 18:21:01,0,0,0.25,1.5,0,57.25,6.25,0,0
2022-05-30 18:21:00,0,0,0.4938272,0.9876543,0,72.59259,6.91358,0,0
2022-05-30 18:20:59,0,0,6.982544,0.9975062,0,76.05985,14.46384,0,0
2022-05-30 18:20:58,0,0,4.761905,1.0025063,0,81.45363,12.531328,0,0
2022-05-30 18:20:57,0,0,2.261307,0.2512563,0,87.9397,9.045226,0,0
2022-05-30 18:20:56,0,0,2.238806,0.2487562,0,90.04975,7.462687,0,0
2022-05-30 18:20:55,0,0,3.5,0.5,0,87.5,8.5,0,0
2022-05-30 18:20:54,0,0,2.255639,0.5012531,0,86.96742,10.275689,0,0
2022-05-30 18:20:53,0,0,0.4987531,0,0,92.01995,7.23192,0,0
2022-05-30 18:20:52,0,0,0,0,0,91.9598,8.040201,0,0
2022-05-30 18:20:51,0,0,1.995012,0.4987531,0,85.78554,10.972569,0,0
2022-05-30 18:20:50,0,0,2.512563,0,0,83.66834,13.316583,0,0
2022-05-30 18:20:49,0,0,2.985075,0.4975124,0,85.8209,10.696517,0,0
2022-05-30 18:20:48,0,0,5.25,1,0,80.25,13.5,0,0
2022-05-30 18:20:47,0,0,3.759398,1.2531328,0,81.95489,13.032581,0,0
2022-05-30 18:20:46,0,0,4.761905,1.2531328,0,81.70426,12.280702,0,0
2022-05-30 18:20:45,0,0,2.743142,0.4987531,0,82.54364,14.214464,0,0
2022-05-30 18:20:44,0,0,2.506266,1.0025063,0,86.96742,9.52381,0,0
2022-05-30 18:20:43,0,0,3.241895,0.7481297,0,86.78304,9.226933,0,0
2022-05-30 18:20:42,0,0,1.75,0,0,88.75,9.5,0,0
2022-05-30 18:20:41,0,0,0.75,0.25,0,90.25,8.75,0,0
2022-05-30 18:20:40,0,0,0.2487562,0.2487562,0,92.53731,6.965174,0,0
2022-05-30 18:20:39,0,0,0,0,0,93.48371,6.516291,0,0
2022-05-30 18:20:38,0,0,1.0025063,0,0,89.22306,9.774436,0,0
2022-05-30 18:20:37,0,0,2.238806,0.4975124,0,87.81095,9.452736,0,0
2022-05-30 18:20:36,0,0,2.763819,0,0,83.9196,13.316583,0,0
2022-05-30 18:20:35,0,0,2.992519,0.2493766,0,85.53616,11.221945,0,0
2022-05-30 18:20:34,0,0,4.260652,0.2506266,0,82.70677,12.781955,0,0
2022-05-30 18:20:33,0,0,4.239401,1.2468828,0,82.79302,11.720698,0,0
2022-05-30 18:20:32,0,0,4.260652,0.7518797,0,81.20301,13.784461,0,0
2022-05-30 18:20:31,0,0,3.491272,0.7481297,0,82.79302,12.967581,0,0
2022-05-30 18:20:30,0,0,3.007519,0.2506266,0,86.21554,10.526316,0,0
2022-05-30 18:20:29,0,0,2.743142,0.2493766,0,87.53117,9.476309,0,0
2022-05-30 18:20:28,0,0,1.5,0.25,0,88.5,9.75,0,0
2022-05-30 18:20:27,0,0,0.4987531,0.2493766,0,90.77307,8.478803,0,0
2022-05-30 18:20:26,0,0,0,0,0,93.98496,6.015038,0,0
2022-05-30 18:20:25,0,0,0.2493766,0,0,92.76808,6.982544,0,0
2022-05-30 18:20:24,0,0,1.0025063,0,0,91.97995,7.017544,0,0
2022-05-30 18:20:23,0,0,3.5,0.75,0,86.25,9.5,0,0
2022-05-30 18:20:22,0,0,2.506266,0.5012531,0,85.46366,11.528822,0,0
2022-05-30 18:20:21,0,0,3.508772,0.5012531,0,82.70677,13.283208,0,0
2022-05-30 18:20:20,0,0,3.740648,0.9975062,0,81.54613,13.715711,0,0
2022-05-30 18:20:19,0,0,3.990025,0.4987531,0,83.79052,11.720698,0,0
2022-05-30 18:20:18,0,0,2.75,0.75,0,84.5,12,0,0
2022-05-30 18:20:17,0,0,4,0.5,0,86,9.5,0,0
2022-05-30 18:20:16,0,0,2.506266,0.5012531,0,86.21554,10.776942,0,0
2022-05-30 18:20:15,0,0,1.75,0.5,0,90.25,7.5,0,0
2022-05-30 18:20:14,0,0,1.754386,0,0,89.47368,8.77193,0,0
2022-05-30 18:20:13,0,0,0.7481297,0,0,89.77556,9.476309,0,0
2022-05-30 18:20:12,0,0,0.2493766,0,0,92.01995,7.730673,0,0
2022-05-30 18:20:11,0,0,0,0,0,91.4787,8.270677,0,0
2022-05-30 18:20:10,0,0,0.7481297,0.2493766,0,91.02244,7.98005,0,0
2022-05-30 18:20:09,0,0,3,1,0,85,11,0,0
2022-05-30 18:20:08,0,0,4.25,1.5,0,79.75,14.5,0,0
2022-05-30 18:20:07,0,0,4.773869,1.0050251,0,80.90452,13.316583,0,0
2022-05-30 18:20:06,0,0,3.731343,0.4975124,0,82.33831,13.432836,0,0
2022-05-30 18:20:05,0,0,3.768844,0.7537688,0,83.41709,12.060302,0,0
2022-05-30 18:20:04,0,0,3.225806,0.4962779,0,85.85608,10.421836,0,0
2022-05-30 18:20:03,0,0,2.75,0.5,0,86,10.75,0,0
2022-05-30 18:20:02,0,0,2.506266,0.2506266,0,87.46867,9.774436,0,0
2022-05-30 18:20:01,0,0,2.005013,0,0,90.47619,7.518797,0,0
2022-05-30 18:20:00,0,0,0.9975062,0.2493766,0,90.52369,8.229426,0,0
2022-05-30 18:19:59,0,0,1,0.25,0,91.25,7.5,0,0
2022-05-30 18:19:58,0,0,0,0,0,91.9598,8.040201,0,0
2022-05-30 18:19:57,0,0,0,0,0,91.22807,8.77193,0,0
2022-05-30 18:19:56,0,0,0.4987531,0.2493766,0,89.52618,9.725686,0,0
2022-05-30 18:19:55,0,0,4.488778,0.4987531,0,82.54364,12.468828,0,0
2022-05-30 18:19:54,0,0,4.010025,0.5012531,0,83.20802,12.280702,0,0
2022-05-30 18:19:53,0,0,4.75,1.5,0,81.25,12.5,0,0
2022-05-30 18:19:52,0,0,3.740648,0.2493766,0,84.0399,11.970075,0,0
2022-05-30 18:19:51,0,0,2.985075,0.9950249,0,82.83582,12.935323,0,0
2022-05-30 18:19:50,0,0,1.754386,0.5012531,0,88.22055,9.52381,0,0
2022-05-30 18:19:49,0,0,2.5,0.75,0,86.75,10,0,0
2022-05-30 18:19:48,0,0,2.763819,0.2512563,0,86.43216,10.552764,0,0
2022-05-30 18:19:47,0,0,1.99005,0.2487562,0,89.801,7.960199,0,0
2022-05-30 18:19:46,0,0,1.75,0.5,0,90.25,7.5,0,0
2022-05-30 18:19:45,0,0,0.75,0.25,0,89,10,0,0
2022-05-30 18:19:44,0,0,0.2512563,0,0,89.94975,9.798995,0,0
2022-05-30 18:19:43,0,0,1.4888337,0.248139,0,89.33002,8.933002,0,0
2022-05-30 18:19:42,0,0,1.0075567,0.5037783,0,89.42065,9.06801,0,0
2022-05-30 18:19:41,0,0,4.218362,0.4962779,0,83.62283,11.662531,0,0
2022-05-30 18:19:40,0,0,4.534005,1.2594458,0,81.61209,12.594458,0,0
2022-05-30 18:19:39,0,0,2.985075,0.4975124,0,85.07463,11.442786,0,0
2022-05-30 18:19:38,0,0,3.990025,0.7481297,0,83.29177,11.970075,0,0
2022-05-30 18:19:37,0,0,3.258145,0.2506266,0,84.96241,11.528822,0,0
2022-05-30 18:19:36,0,0,3,0.75,0,86,10.25,0,0
2022-05-30 18:19:35,0,0,0.75,0.25,0,89.5,9.5,0,0
2022-05-30 18:19:34,0,0,2,0.25,0,89,8.75,0,0
2022-05-30 18:19:33,0,0,2,0.5,0,90.5,7,0,0
2022-05-30 18:19:32,0,0,1.75,0.25,0,91,7,0,0
2022-05-30 18:19:31,0,0,1.4962594,0.2493766,0,90.52369,7.730673,0,0
2022-05-30 18:19:30,0,0,0.5025126,0,0,89.19598,10.301508,0,0
2022-05-30 18:19:29,0,0,0,0,0,91.72932,8.270677,0,0
2022-05-30 18:19:28,0,0,2.244389,0.2493766,0,89.02743,8.478803,0,0
2022-05-30 18:19:27,0,0,3.740648,0.4987531,0,84.0399,11.720698,0,0
2022-05-30 18:19:26,0,0,5.263158,0.7518797,0,78.19549,15.789474,0,0
2022-05-30 18:19:25,0,0,3.25,0.5,0,85,11.25,0,0
2022-05-30 18:19:24,0,0,3.9801,0.9950249,0,80.84577,14.179104,0,0
2022-05-30 18:19:23,0,0,2.512563,0.5025126,0,85.42714,11.557789,0,0
2022-05-30 18:19:22,0,0,2.238806,0.2487562,0,89.30348,8.208955,0,0
2022-05-30 18:19:21,0,0,3.007519,0.5012531,0,86.21554,10.275689,0,0
2022-05-30 18:19:20,0,0,3.007519,0.7518797,0,86.46617,9.774436,0,0
2022-05-30 18:19:19,0,0,2,0.5,0,90.5,7,0,0
2022-05-30 18:19:18,0,0,0.9975062,0,0,91.5212,7.481297,0,0
2022-05-30 18:19:17,0,0,0.25,0,0,91.5,8.25,0,0
2022-05-30 18:19:16,0,0,0,0,0,90.72682,9.273183,0,0
2022-05-30 18:19:15,0,0,1,0.5,0,89.5,9,0,0
2022-05-30 18:19:14,0,0,1.4962594,0.2493766,0,88.2793,9.975062,0,0
2022-05-30 18:19:13,0,0,3.266332,0.7537688,0,85.42714,10.552764,0,0
2022-05-30 18:19:12,0,0,5.472637,0.7462687,0,81.09453,12.686567,0,0
2022-05-30 18:19:11,0,0,3.007519,0.5012531,0,83.9599,12.531328,0,0
2022-05-30 18:19:10,0,0,4.228856,0.4975124,0,79.10448,16.169154,0,0
2022-05-30 18:19:09,0,0,2.756892,0.5012531,0,87.46867,9.273183,0,0
2022-05-30 18:19:08,0,0,2.75,0.5,0,88,8.75,0,0
2022-05-30 18:19:07,0,0,3.007519,0.5012531,0,86.71679,9.774436,0,0
2022-05-30 18:19:06,0,0,2.487562,0.7462687,0,86.31841,10.447761,0,0
2022-05-30 18:19:05,0,0,2.005013,0.2506266,0,88.7218,9.022556,0,0
2022-05-30 18:19:04,0,0,1.0025063,0,0,92.23058,6.766917,0,0
2022-05-30 18:19:03,0,0,0.25,0.25,0,92.75,6.75,0,0
2022-05-30 18:19:02,0,0,0.2493766,0,0,91.5212,8.229426,0,0
2022-05-30 18:19:01,0,0,1.2531328,0.2506266,0,89.22306,9.273183,0,0
2022-05-30 18:19:00,0,0,2,0.75,0,88.75,8.5,0,0
2022-05-30 18:18:59,0,0,3.759398,0.5012531,0,84.21053,11.528822,0,0
2022-05-30 18:18:58,0,0,4.738155,0.4987531,0,81.04738,13.715711,0,0
2022-05-30 18:18:57,0,0,3.25,0,0,84.25,12.25,0,0
2022-05-30 18:18:56,0,0,4.75,1,0,81,13.25,0,0
2022-05-30 18:18:55,0,0,3.007519,0.5012531,0,83.70927,12.781955,0,0
2022-05-30 18:18:54,0,0,3.25,0.5,0,88,8.25,0,0
2022-05-30 18:18:53,0,0,2.992519,0.4987531,0,85.53616,10.972569,0,0
2022-05-30 18:18:52,0,0,2.005013,0.2506266,0,88.97243,8.77193,0,0
2022-05-30 18:18:51,0,0,1.99005,0.2487562,0,89.55224,8.208955,0,0
2022-05-30 18:18:50,0,0,0.2518892,0,0,90.93199,8.816121,0,0
2022-05-30 18:18:49,0,0,0,0,0,95.01247,4.987531,0,0
2022-05-30 18:18:48,0,0,1.0025063,0.2506266,0,91.72932,7.017544,0,0
2022-05-30 18:18:47,0,0,0.9975062,0.2493766,0,89.77556,8.977556,0,0
2022-05-30 18:18:46,0,0,2.743142,0.2493766,0,84.78803,12.219451,0,0
2022-05-30 18:18:45,0,0,2.518892,0.2518892,0,84.88665,12.342569,0,0
2022-05-30 18:18:44,0,0,4.477612,0.7462687,0,82.08955,12.686567,0,0
2022-05-30 18:18:43,0,0,3.241895,0.4987531,0,84.28928,11.970075,0,0
2022-05-30 18:18:42,0,0,4.260652,0.2506266,0,83.45865,12.030075,0,0
2022-05-30 18:18:41,0,0,3.25,0.5,0,82.5,13.75,0,0
2022-05-30 18:18:40,0,0,3.990025,0.7481297,0,86.03491,9.226933,0,0
2022-05-30 18:18:39,0,0,2.25,0.25,0,87,10.5,0,0
2022-05-30 18:18:38,0,0,2.005013,0.2506266,0,88.7218,9.022556,0,0
2022-05-30 18:18:37,0,0,1.5075377,0,0,91.9598,6.532663,0,0
2022-05-30 18:18:36,0,0,0.4975124,0,0,89.55224,9.950249,0,0
2022-05-30 18:18:35,0,0,0,0.25,0,89.75,10,0,0
2022-05-30 18:18:34,0,0,0.5012531,0.2506266,0,91.4787,7.769424,0,0
2022-05-30 18:18:33,0,0,1.745636,0,0,89.27681,8.977556,0,0
2022-05-30 18:18:32,0,0,2.756892,0.7518797,0,86.71679,9.774436,0,0
2022-05-30 18:18:31,0,0,3,0.75,0,85.75,10.25,0,0
2022-05-30 18:18:30,0,0,4.25,0.25,0,85,10.5,0,0
2022-05-30 18:18:29,0,0,3.768844,0.5025126,0,83.9196,11.809045,0,0
2022-05-30 18:18:28,0,0,4.25,1,0,79,15.75,0,0
2022-05-30 18:18:27,0,0,2.743142,0.2493766,0,86.78304,10.224439,0,0
2022-05-30 18:18:26,0,0,3.5,0,0,84.75,11.75,0,0
2022-05-30 18:18:25,0,0,4.5,0.75,0,82,12.75,0,0
2022-05-30 18:18:24,0,0,2.25,0,0,88.75,9,0,0
2022-05-30 18:18:23,0,0,1.754386,0,0,90.22556,8.02005,0,0
2022-05-30 18:18:22,0,0,0.2493766,0,0,90.27431,9.476309,0,0
2022-05-30 18:18:21,0,0,0,0,0,93.25,6.5,0,0
2022-05-30 18:18:20,0,0,0.5025126,0.2512563,0,92.21106,7.035176,0,0
2022-05-30 18:18:19,0,0,1.5,0.75,0,86.75,11,0,0
2022-05-30 18:18:18,0,0,2.261307,0,0,88.94472,8.79397,0,0
2022-05-30 18:18:17,0,0,3.731343,0.7462687,0,83.08458,12.437811,0,0
2022-05-30 18:18:16,0,0,4.25,1.25,0,82.25,12,0,0
2022-05-30 18:18:15,0,0,4.25,0.5,0,82.5,12.75,0,0
2022-05-30 18:18:14,0,0,4,0.5,0,86.25,9.25,0,0
2022-05-30 18:18:13,0,0,2.75,0.25,0,84,12.75,0,0.25
2022-05-30 18:18:12,0,0,3.491272,0.4987531,0,85.53616,10.473815,0,0
2022-05-30 18:18:11,0,0,2.5,0.75,0,87.25,9.5,0,0
2022-05-30 18:18:10,0,0,2.743142,0.4987531,0,88.02993,8.72818,0,0
2022-05-30 18:18:09,0,0,1.5,0.5,0,88.5,9.25,0,0
2022-05-30 18:18:08,0,0,0.75,0,0,92,7.25,0,0
2022-05-30 18:18:07,0,0,0,0,0,92.5,7.5,0,0
2022-05-30 18:18:06,0,0,1,0.25,0,89.25,9.5,0,0
2022-05-30 18:18:05,0,0,1.4962594,0.4987531,0,90.27431,7.730673,0,0
2022-05-30 18:18:04,0,0,3.015075,0,0,84.92462,12.060302,0,0
2022-05-30 18:18:03,0,0,3.740648,0.9975062,0,81.29676,13.965087,0,0
2022-05-30 18:18:02,0,0,4.271357,0,0,84.67337,11.055276,0,0
2022-05-30 18:18:01,0,0,3.75,0.75,0,85.25,10.25,0,0
2022-05-30 18:18:00,0,0,4.25,1,0,80,14.75,0,0
2022-05-30 18:17:59,0,0,1.745636,0.4987531,0,88.2793,9.476309,0,0
2022-05-30 18:17:58,0,0,3.25,0.75,0,85.5,10.5,0,0
2022-05-30 18:17:57,0,0,2.992519,0.2493766,0,88.77805,7.98005,0,0
2022-05-30 18:17:56,0,0,2.518892,0.2518892,0,90.42821,6.801008,0,0
2022-05-30 18:17:55,0,0,1.99005,0.2487562,0,88.30846,9.452736,0,0
2022-05-30 18:17:54,0,0,0,0,0,90.75,9.25,0,0
2022-05-30 18:17:53,0,0,0,0,0,91.45729,8.542714,0,0
2022-05-30 18:17:52,0,0,0,0,0,93.01746,6.982544,0,0
2022-05-30 18:17:51,0,0,2.75,0.75,0,83.5,13,0,0
2022-05-30 18:17:50,0,0,3.491272,0.2493766,0,83.79052,12.468828,0,0
2022-05-30 18:17:49,0,0,4.260652,0.5012531,0,81.95489,13.283208,0,0
2022-05-30 18:17:48,0,0,3.5,0.5,0,84,12,0,0
2022-05-30 18:17:47,0,0,3.75,0.75,0,83.25,12,0,0
2022-05-30 18:17:46,0,0,2.743142,0.2493766,0,84.0399,12.967581,0,0
2022-05-30 18:17:45,0,0,2.25,0.5,0,87.75,9.5,0,0
2022-05-30 18:17:44,0,0,3.015075,0.5025126,0,87.68844,8.79397,0,0
2022-05-30 18:17:43,0,0,3.9801,0.7462687,0,87.06468,8.208955,0,0
2022-05-30 18:17:42,0,0,1.995012,0.2493766,0,90.27431,7.481297,0,0
2022-05-30 18:17:41,0,0,1.754386,0.2506266,0,88.22055,9.774436,0,0
2022-05-30 18:17:40,0,0,0.5,0.25,0,89.5,9.75,0,0
2022-05-30 18:17:39,0,0,0.2493766,0,0,94.76309,4.987531,0,0
2022-05-30 18:17:38,0,0,0,0,0,91.5,8.5,0,0
2022-05-30 18:17:37,0,0,2.005013,0.2506266,0,90.47619,7.26817,0,0
2022-05-30 18:17:36,0,0,3.25,0.5,0,85,11.25,0,0
2022-05-30 18:17:35,0,0,4.239401,0.4987531,0,81.79551,13.466334,0,0
2022-05-30 18:17:34,0,0,4.511278,1.0025063,0,79.69925,14.786967,0,0
2022-05-30 18:17:33,0,0,3.75,0.5,0,83.25,12.5,0,0
2022-05-30 18:17:32,0,0,3.25,0.75,0,85,11,0,0
2022-05-30 18:17:31,0,0,3.241895,0.7481297,0,84.0399,11.970075,0,0
2022-05-30 18:17:30,0,0,3.508772,0.2506266,0,84.21053,12.030075,0,0
2022-05-30 18:17:29,0,0,2.743142,0.9975062,0,87.2818,8.977556,0,0
2022-05-30 18:17:28,0,0,1.2531328,0,0,89.47368,9.273183,0,0
2022-05-30 18:17:27,0,0,0.75,0,0,91.75,7.5,0,0
2022-05-30 18:17:26,0,0,1.0050251,0,0,92.21106,6.78392,0,0
2022-05-30 18:17:25,0,0,0.2487562,0,0,91.29353,8.457711,0,0
2022-05-30 18:17:24,0,0,0,0,0,89.25,10.75,0,0
2022-05-30 18:17:23,0,0,1.5,0.5,0,90.5,7.5,0,0
2022-05-30 18:17:22,0,0,5,1.25,0,83,10.75,0,0
2022-05-30 18:17:21,0,0,4,0.25,0,81.25,14.5,0,0
2022-05-30 18:17:20,0,0,4.260652,1.0025063,0,83.20802,11.528822,0,0
2022-05-30 18:17:19,0,0,3,0.75,0,83.75,12.5,0,0
2022-05-30 18:17:18,0,0,2.743142,0.7481297,0,88.02993,8.478803,0,0
2022-05-30 18:17:17,0,0,4.010025,0.7518797,0,82.95739,12.280702,0,0
2022-05-30 18:17:16,0,0,2.743142,0.9975062,0,84.28928,11.970075,0,0
2022-05-30 18:17:15,0,0,3.02267,0.2518892,0,87.40554,9.319899,0,0
2022-05-30 18:17:14,0,0,1.2468828,0.2493766,0,89.77556,8.72818,0,0
2022-05-30 18:17:13,0,0,1.25,0.25,0,91.25,7.25,0,0
2022-05-30 18:17:12,0,0,1.2531328,0.2506266,0,89.22306,9.273183,0,0
2022-05-30 18:17:11,0,0,0.4987531,0,0,87.78055,11.720698,0,0
2022-05-30 18:17:10,0,0,0.7556675,0,0,89.42065,9.823678,0,0
2022-05-30 18:17:09,0,0,2.729529,0.4962779,0,87.34491,9.42928,0,0
2022-05-30 18:17:08,0,0,4.010025,0.2506266,0,82.95739,12.781955,0,0
2022-05-30 18:17:07,0,0,3.5,0.25,0,80.5,15.25,0,0
2022-05-30 18:17:06,0,0,4.020101,0.7537688,0,81.40704,13.819095,0,0
2022-05-30 18:17:05,0,0,2.244389,0,0,85.03741,12.718204,0,0
2022-05-30 18:17:04,0,0,3.5,0.5,0,87,9,0,0
2022-05-30 18:17:03,0,0,4.010025,1.0025063,0,82.45614,12.531328,0,0
2022-05-30 18:17:02,0,0,2.992519,0.9975062,0,83.79052,12.219451,0,0
2022-05-30 18:17:01,0,0,1.754386,0.2506266,0,87.46867,10.526316,0,0
2022-05-30 18:17:00,0,0,1.2437811,0.2487562,0,92.53731,5.970149,0,0
2022-05-30 18:16:59,0,0,1.0025063,0,0,92.98246,6.015038,0,0
2022-05-30 18:16:58,0,0,1.0075567,0.2518892,0,89.42065,9.319899,0,0
2022-05-30 18:16:57,0,0,1.745636,0.2493766,0,90.27431,7.730673,0,0
2022-05-30 18:16:56,0,0,1.4962594,0.2493766,0,88.77805,9.476309,0,0
2022-05-30 18:16:55,0,0,2.261307,0.5025126,0,88.94472,8.291457,0,0
2022-05-30 18:16:54,0,0,4,1,0,83,12,0,0
2022-05-30 18:16:53,0,0,2.992519,0.7481297,0,87.2818,8.72818,0,0
2022-05-30 18:16:52,0,0,3.768844,1.0050251,0,84.17085,11.055276,0,0
2022-05-30 18:16:51,0,0,2.5,0.5,0,84.75,12.25,0,0
2022-05-30 18:16:50,0,0,3.990025,0.4987531,0,85.28678,10.224439,0,0
2022-05-30 18:16:49,0,0,3.759398,0.7518797,0,83.9599,11.528822,0,0
2022-05-30 18:16:48,0,0,2.233251,0.4962779,0,86.35236,10.918114,0,0
2022-05-30 18:16:47,0,0,1.758794,0,0,90.95477,7.286432,0,0
2022-05-30 18:16:46,0,0,2.244389,0.2493766,0,87.78055,9.725686,0,0
2022-05-30 18:16:45,0,0,1.2468828,0.4987531,0,89.77556,8.478803,0,0
2022-05-30 18:16:44,0,0,1,0,0,90.5,8.5,0,0
2022-05-30 18:16:43,0,0,2.01005,0.5025126,0,87.68844,9.798995,0,0
2022-05-30 18:16:42,0,0,1.754386,0.2506266,0,87.46867,10.526316,0,0
2022-05-30 18:16:41,0,0,2.25,0.25,0,87.5,10,0,0
2022-05-30 18:16:40,0,0,2.992519,0.2493766,0,84.78803,11.970075,0,0
2022-05-30 18:16:39,0,0,3.508772,0.7518797,0,85.46366,10.275689,0,0
2022-05-30 18:16:38,0,0,4.020101,0.5025126,0,79.8995,15.577889,0,0
2022-05-30 18:16:37,0,0,2.487562,0.4975124,0,87.31343,9.701493,0,0
2022-05-30 18:16:36,0,0,3.5,0.25,0,81.75,14.5,0,0
2022-05-30 18:16:35,0,0,3.990025,0.9975062,0,85.28678,9.725686,0,0
2022-05-30 18:16:34,0,0,2.261307,0.2512563,0,87.18593,10.301508,0,0
2022-05-30 18:16:33,0,0,1.75,0.25,0,88.25,9.75,0,0
2022-05-30 18:16:32,0,0,1.0025063,0,0,90.72682,8.270677,0,0
2022-05-30 18:16:31,0,0,1.736973,0.4962779,0,88.58561,9.181141,0,0
2022-05-30 18:16:30,0,0,0.7556675,0,0,92.9471,6.297229,0,0
2022-05-30 18:16:29,0,0,1.4888337,0.4962779,0,86.6005,11.414392,0,0
2022-05-30 18:16:28,0,0,1.5037594,0.5012531,0,89.22306,8.77193,0,0
2022-05-30 18:16:27,0,0,3.007519,1.0025063,0,86.71679,9.273183,0,0
2022-05-30 18:16:26,0,0,3.5,1,0,82.5,13,0,0
2022-05-30 18:16:25,0,0,2.756892,0.2506266,0,86.21554,10.776942,0,0
2022-05-30 18:16:24,0,0,4,0.25,0,82.25,13.5,0,0
2022-05-30 18:16:23,0,0,2.985075,0.4975124,0,85.8209,10.696517,0,0
2022-05-30 18:16:22,0,0,2.756892,0.2506266,0,89.22306,7.769424,0,0
2022-05-30 18:16:21,0,0,3.007519,0.2506266,0,85.46366,11.278195,0,0
2022-05-30 18:16:20,0,0,2.5,0.25,0,86.75,10.5,0,0
2022-05-30 18:16:19,0,0,2.255639,0.5012531,0,88.22055,9.022556,0,0
2022-05-30 18:16:18,0,0,1.995012,0.4987531,0,87.2818,10.224439,0,0
2022-05-30 18:16:17,0,0,1.5037594,0.2506266,0,88.7218,9.52381,0,0
2022-05-30 18:16:16,0,0,1,0.25,0,90.75,8,0,0
2022-05-30 18:16:15,0,0,2.227723,0.4950495,0,84.65347,12.376238,0,0
2022-05-30 18:16:14,0,0,1.75,0.25,0,89.75,8.25,0,0
2022-05-30 18:16:13,0,0,2.518892,0.2518892,0,86.1461,11.083123,0,0
2022-05-30 18:16:12,0,0,2.25,0.25,0,88,9.5,0,0
2022-05-30 18:16:11,0,0,3.25,0.5,0,88,8.25,0,0
2022-05-30 18:16:10,0,0,5,0.75,0,82.25,12,0,0
2022-05-30 18:16:09,0,0,3.25,0.5,0,82.75,13.5,0,0
2022-05-30 18:16:08,0,0,2.506266,0.2506266,0,87.7193,9.52381,0,0
2022-05-30 18:16:07,0,0,3.241895,0.4987531,0,86.03491,10.224439,0,0
2022-05-30 18:16:06,0,0,2.493766,0.4987531,0,87.53117,9.476309,0,0
2022-05-30 18:16:05,0,0,2.255639,0.2506266,0,89.97494,7.518797,0,0
2022-05-30 18:16:04,0,0,2.25,0,0,87,10.75,0,0
2022-05-30 18:16:03,0,0,1.745636,0.2493766,0,91.5212,6.483791,0,0
2022-05-30 18:16:02,0,0,1.75,0.25,0,89.75,8.25,0,0
2022-05-30 18:16:01,0,0,1.2531328,0,0,89.97494,8.77193,0,0
2022-05-30 18:16:00,0,0,2,0.25,0,88,9.75,0,0
2022-05-30 18:15:59,0,0,0.2512563,0,0,88.94472,10.80402,0,0
2022-05-30 18:15:58,0,0,0.4987531,0,0,92.76808,6.733167,0,0
2022-05-30 18:15:57,0,0,2.756892,0.7518797,0,85.71429,10.776942,0,0
2022-05-30 18:15:56,0,0,5.445545,0.7425743,0,79.70297,14.108911,0,0
2022-05-30 18:15:55,0,0,4.785894,0.7556675,0,82.61965,11.838791,0,0
2022-05-30 18:15:54,0,0,3.990025,0.4987531,0,80.04988,15.461347,0,0
2022-05-30 18:15:53,0,0,4.488778,0,0,83.79052,11.720698,0,0
2022-05-30 18:15:52,0,0,2.015113,0,0,88.4131,9.571788,0,0
2022-05-30 18:15:51,0,0,2.25,0.75,0,87.25,9.75,0,0
2022-05-30 18:15:50,0,0,2.25,0.5,0,88.25,9,0,0
2022-05-30 18:15:49,0,0,2.487562,0.2487562,0,89.30348,7.960199,0,0
2022-05-30 18:15:48,0,0,2,0.25,0,90.75,7,0,0
2022-05-30 18:15:47,0,0,0.9975062,0.2493766,0,90.52369,8.229426,0,0
2022-05-30 18:15:46,0,0,0,0,0,92.23058,7.769424,0,0
2022-05-30 18:15:45,0,0,0,0.2493766,0,91.27182,8.478803,0,0
2022-05-30 18:15:44,0,0,0.25,0,0,91.25,8.25,0,0
2022-05-30 18:15:43,0,0,0.7518797,0.2506266,0,91.22807,7.769424,0,0
2022-05-30 18:15:42,0,0,5.236908,0.9975062,0,79.8005,13.965087,0,0
2022-05-30 18:15:41,0,0,5.5,1,0,81.5,12,0,0
2022-05-30 18:15:40,0,0,5.513784,0.7518797,0,78.94737,14.786967,0,0
2022-05-30 18:15:39,0,0,4.738155,1.2468828,0,76.80798,17.20698,0,0
2022-05-30 18:15:38,0,0,3.5,0.5,0,85.5,10.5,0,0
2022-05-30 18:15:37,0,0,2.261307,0,0,87.68844,10.050251,0,0
2022-05-30 18:15:36,0,0,1.995012,0.2493766,0,89.77556,7.98005,0,0
2022-05-30 18:15:35,0,0,2.261307,0.5025126,0,91.45729,5.778894,0,0
2022-05-30 18:15:34,0,0,1.4888337,0.248139,0,90.81886,7.444169,0,0
2022-05-30 18:15:33,0,0,0.7537688,0,0,93.21608,6.030151,0,0
2022-05-30 18:15:32,0,0,0.2493766,0,0,93.01746,6.733167,0,0
2022-05-30 18:15:31,0,0,0.2512563,0,0,92.96482,6.78392,0,0
2022-05-30 18:15:30,0,0,0,0,0,91.77057,8.229426,0,0
2022-05-30 18:15:29,0,0,1.5075377,0.7537688,0,86.68342,11.055276,0,0
2022-05-30 18:15:28,0,0,2.992519,0.7481297,0,86.03491,9.975062,0,0
2022-05-30 18:15:27,0,0,6,0.75,0,80,13.25,0,0
2022-05-30 18:15:26,0,0,5.985037,1.745636,0,75.81047,16.458853,0,0
2022-05-30 18:15:25,0,0,5.012531,0.7518797,0,80.2005,13.784461,0,0
2022-05-30 18:15:24,0,0,4.228856,0.7462687,0,81.59204,13.432836,0,0
2022-05-30 18:15:23,0,0,1.754386,0.5012531,0,86.96742,10.776942,0,0
2022-05-30 18:15:22,0,0,2.5,0.5,0,91.5,5.5,0,0
2022-05-30 18:15:21,0,0,1.5,0.25,0,92.5,5.75,0,0
2022-05-30 18:15:20,0,0,1,0.25,0,92,6.75,0,0
2022-05-30 18:15:19,0,0,1.5,0,0,90.25,8.25,0,0
2022-05-30 18:15:18,0,0,0,0,0,91.97995,8.02005,0,0
2022-05-30 18:15:17,0,0,0.7481297,0.2493766,0,92.76808,6.234414,0,0
2022-05-30 18:15:16,0,0,1.5037594,0,0,89.47368,9.022556,0,0
2022-05-30 18:15:15,0,0,1.5,0.5,0,86.5,11.5,0,0
2022-05-30 18:15:14,0,0,2.75,0.25,0,82.75,14.25,0,0
2022-05-30 18:15:13,0,0,2.5,0.5,0,85.25,11.75,0,0
2022-05-30 18:15:12,0,0,5.5,1,0,80,13.5,0,0
2022-05-30 18:15:11,0,0,5.025126,0.7537688,0,79.64824,14.572864,0,0
2022-05-30 18:15:10,0,0,5.721393,0.9950249,0,75.37313,17.91045,0,0
2022-05-30 18:15:09,0,0,3.007519,0.7518797,0,85.96491,10.275689,0,0
2022-05-30 18:15:08,0,0,2.25,0.5,0,86.5,10.75,0,0
2022-05-30 18:15:07,0,0,2.244389,0.2493766,0,90.02494,7.481297,0,0
2022-05-30 18:15:06,0,0,1.2468828,0,0,90.02494,8.72818,0,0
2022-05-30 18:15:05,0,0,1.2562814,0.5025126,0,90.95477,7.286432,0,0
2022-05-30 18:15:04,0,0,0.2487562,0.2487562,0,92.0398,7.462687,0,0
2022-05-30 18:15:03,0,0,0.75,0,0,92.25,7,0,0
2022-05-30 18:15:02,0,0,0.75,0.25,0,92,7,0,0
2022-05-30 18:15:01,0,0,1.754386,0,0,88.47118,9.774436,0,0
2022-05-30 18:15:00,0,0,1.758794,0.2512563,0,86.93467,11.055276,0,0
2022-05-30 18:14:59,0,0,2.25,0.5,0,86,11.25,0,0
2022-05-30 18:14:58,0,0,4.75,0.75,0,81.75,12.75,0,0
2022-05-30 18:14:57,0,0,4.975124,0.9950249,0,83.08458,10.945274,0,0
2022-05-30 18:14:56,0,0,6.5,1.25,0,78.5,13.75,0,0
2022-05-30 18:14:55,0,0,4.987531,1.2468828,0,82.04489,11.720698,0,0
2022-05-30 18:14:54,0,0,4,0.5,0,80.75,14.75,0,0
2022-05-30 18:14:53,0,0,2.005013,0,0,89.22306,8.77193,0,0
2022-05-30 18:14:52,0,0,1,0,0,91.75,7.25,0,0
2022-05-30 18:14:51,0,0,0,0,0,93.21608,6.78392,0,0
2022-05-30 18:14:50,0,0,0.4975124,0.2487562,0,94.77612,4.477612,0,0
2022-05-30 18:14:49,0,0,1.5075377,0,0,90.70352,7.788945,0,0
2022-05-30 18:14:48,0,0,0.9950249,0.2487562,0,92.28856,6.467662,0,0
2022-05-30 18:14:47,0,0,1.25,0,0,89.25,9.5,0,0
2022-05-30 18:14:46,0,0,1,0.25,0,86.5,12,0,0
2022-05-30 18:14:45,0,0,0.2512563,0,0,86.93467,11.557789,0,0
2022-05-30 18:14:44,0,0,3.241895,0.7481297,0,85.78554,10.224439,0,0
2022-05-30 18:14:43,0,0,6.532663,0.5025126,0,77.63819,15.326633,0,0
2022-05-30 18:14:42,0,0,6.25,2,0,78.25,13.5,0,0
2022-05-30 18:14:41,0,0,6.766917,1.754386,0,76.94236,14.536341,0,0
2022-05-30 18:14:40,0,0,4.975124,0.2487562,0,80.0995,14.676617,0,0
2022-05-30 18:14:39,0,0,2.506266,0.2506266,0,86.21554,11.027569,0,0
2022-05-30 18:14:38,0,0,1,0.25,0,90.25,8.5,0,0
2022-05-30 18:14:37,0,0,0.7518797,0.2506266,0,91.72932,7.26817,0,0
2022-05-30 18:14:36,0,0,1.2468828,0.2493766,0,92.76808,5.735661,0,0
2022-05-30 18:14:35,0,0,1,0,0,91.75,7.25,0,0
2022-05-30 18:14:34,0,0,0.9975062,0.2493766,0,92.5187,6.234414,0,0
2022-05-30 18:14:33,0,0,0.7518797,0,0,93.73434,5.513784,0,0
2022-05-30 18:14:32,0,0,0.7537688,0.2512563,0,86.43216,12.562814,0,0
2022-05-30 18:14:31,0,0,0.25,0,0,85,11.25,0,0
2022-05-30 18:14:30,0,0,1.25,0.25,0,86.25,11.25,0,0
2022-05-30 18:14:29,0,0,5.513784,1.0025063,0,78.19549,15.037594,0,0
2022-05-30 18:14:28,0,0,8.25,1.25,0,73.25,17.25,0,0
2022-05-30 18:14:27,0,0,7.23192,1.745636,0,74.56359,16.458853,0,0
2022-05-30 18:14:26,0,0,5.527638,0.5025126,0,78.1407,15.829146,0,0
2022-05-30 18:14:25,0,0,2.743142,0.2493766,0,83.79052,13.216958,0,0
2022-05-30 18:14:24,0,0,1.75,0.25,0,90.5,7.5,0,0
2022-05-30 18:14:23,0,0,1.25,0.25,0,91.75,6.75,0,0
2022-05-30 18:14:22,0,0,1,0,0,93,6,0,0
2022-05-30 18:14:21,0,0,0.9975062,0.2493766,0,93.26683,5.486284,0,0
2022-05-30 18:14:20,0,0,0,0,0,92.98246,7.017544,0,0
2022-05-30 18:14:19,0,0,0,0,0,94.20655,5.793451,0,0
2022-05-30 18:14:18,0,0,0,0,0,91.29353,8.706468,0,0
2022-05-30 18:14:17,0,0,0.25,0,0,89.25,9.75,0,0
2022-05-30 18:14:16,0,0,2.255639,0.2506266,0,86.21554,10.025063,0,0
2022-05-30 18:14:15,0,0,4.030227,0.7556675,0,81.61209,13.602015,0,0
2022-05-30 18:14:14,0,0,6.234414,0.9975062,0,80.04988,12.718204,0,0
2022-05-30 18:14:13,0,0,8.229426,0.7481297,0,75.06234,15.9601,0,0
2022-05-30 18:14:12,0,0,4.75,0.75,0,79.75,14.75,0,0
2022-05-30 18:14:11,0,0,4.761905,0.5012531,0,80.2005,14.536341,0,0
2022-05-30 18:14:10,0,0,3.75,0.5,0,84.5,11.25,0,0
2022-05-30 18:14:09,0,0,1.5037594,0.2506266,0,91.72932,6.516291,0,0
2022-05-30 18:14:08,0,0,0.7462687,0.2487562,0,91.79104,7.21393,0,0
2022-05-30 18:14:07,0,0,0,0,0,93,7,0,0
2022-05-30 18:14:06,0,0,0,0,0,95.96977,4.030227,0,0
2022-05-30 18:14:05,0,0,0.2475248,0,0,93.06931,6.683168,0,0
2022-05-30 18:14:04,0,0,0,0,0,92.46231,7.537688,0,0
2022-05-30 18:14:03,0,0,0,0,0,91.02244,8.977556,0,0
2022-05-30 18:14:02,0,0,0.4987531,0.2493766,0,87.53117,11.471322,0,0
2022-05-30 18:14:01,0,0,5.25,0.75,0,79,14.5,0,0
2022-05-30 18:14:00,0,0,5.75,1.25,0,78,15,0,0
2022-05-30 18:13:59,0,0,5.75,1.5,0,79.75,13,0,0
2022-05-30 18:13:58,0,0,7.017544,0.2506266,0,79.94987,12.781955,0,0
2022-05-30 18:13:57,0,0,6,0.75,0,79.75,13.5,0,0
2022-05-30 18:13:56,0,0,3.241895,0.2493766,0,88.2793,8.229426,0,0
2022-05-30 18:13:55,0,0,2.25,0,0,89.25,8.5,0,0
2022-05-30 18:13:54,0,0,0.2512563,0,0,92.46231,7.286432,0,0
2022-05-30 18:13:53,0,0,0,0,0,94.51372,5.486284,0,0
2022-05-30 18:13:52,0,0,0,0,0,93.25,6.75,0,0
2022-05-30 18:13:51,0,0,0,0,0,95.25,4.75,0,0
2022-05-30 18:13:50,0,0,0,0,0,93.48371,6.516291,0,0
2022-05-30 18:13:49,0,0,0.25,0,0,89.75,9.75,0,0
2022-05-30 18:13:48,0,0,1.2437811,0,0,87.06468,11.691542,0,0
2022-05-30 18:13:47,0,0,2.992519,0.4987531,0,84.78803,11.720698,0,0
2022-05-30 18:13:46,0,0,7.286432,1.5075377,0,73.36683,17.8392,0,0
2022-05-30 18:13:45,0,0,5.263158,0.7518797,0,78.94737,15.037594,0,0
2022-05-30 18:13:44,0,0,6.947891,1.2406948,0,75.68238,16.129032,0,0
2022-05-30 18:13:43,0,0,5.527638,0.7537688,0,79.39698,14.321608,0,0
2022-05-30 18:13:42,0,0,3.491272,0.2493766,0,86.03491,10.224439,0,0
2022-05-30 18:13:41,0,0,1.745636,0.4987531,0,87.2818,10.473815,0,0
2022-05-30 18:13:40,0,0,1.0025063,0,0,92.4812,6.516291,0,0
2022-05-30 18:13:39,0,0,0.4987531,0,0,93.01746,6.483791,0,0
2022-05-30 18:13:38,0,0,0,0,0,95.71788,4.282116,0,0
2022-05-30 18:13:37,0,0,0,0,0,95.26185,4.738155,0,0
2022-05-30 18:13:36,0,0,0,0,0,93.73434,6.265664,0,0
2022-05-30 18:13:35,0,0,0,0,0,92,8,0,0
2022-05-30 18:13:34,0,0,0.4987531,0,0,87.53117,11.221945,0,0
2022-05-30 18:13:33,0,0,3,0.25,0,85,11.75,0,0
2022-05-30 18:13:32,0,0,6.483791,1.4962594,0,78.05486,13.715711,0,0
2022-05-30 18:13:31,0,0,7.035176,1.758794,0,74.37186,16.83417,0,0
2022-05-30 18:13:30,0,0,6.25,1,0,79.75,13,0,0
2022-05-30 18:13:29,0,0,6.030151,0.7537688,0,78.39196,14.824121,0,0
2022-05-30 18:13:28,0,0,3.740648,0.9975062,0,84.53865,10.723192,0,0
2022-05-30 18:13:27,0,0,1.99005,0,0,87.06468,10.945274,0,0
2022-05-30 18:13:26,0,0,1.5037594,0.5012531,0,91.72932,6.265664,0,0
2022-05-30 18:13:25,0,0,0,0,0,93.75,6.25,0,0
2022-05-30 18:13:24,0,0,0,0,0,92.75,7.25,0,0
2022-05-30 18:13:23,0,0,0.25,0,0,95.25,4.5,0,0
2022-05-30 18:13:22,0,0,0,0,0,92.21106,7.788945,0,0
2022-05-30 18:13:21,0,0,0.248139,0.248139,0,94.04467,5.459057,0,0
2022-05-30 18:13:20,0,0,2.5,0.75,0,84.5,12.25,0,0
2022-05-30 18:13:19,0,0,1.758794,0.5025126,0,88.44221,9.296482,0,0
2022-05-30 18:13:18,0,0,4.761905,1.0025063,0,80.70175,13.283208,0,0
2022-05-30 18:13:17,0,0,5.721393,1.741294,0,80.84577,11.691542,0,0
2022-05-30 18:13:16,0,0,5.75,1.75,0,79.5,13,0,0
2022-05-30 18:13:15,0,0,3.740648,0.4987531,0,80.54863,15.21197,0,0
2022-05-30 18:13:14,0,0,4.282116,0.7556675,0,84.13098,10.831234,0,0
2022-05-30 18:13:13,0,0,3.5,0.25,0,83.5,12.75,0,0
2022-05-30 18:13:12,0,0,1.754386,0.5012531,0,89.47368,8.270677,0,0
2022-05-30 18:13:11,0,0,1.736973,0,0,90.57072,7.692308,0,0
2022-05-30 18:13:10,0,0,1.0050251,0.5025126,0,88.44221,10.050251,0,0
2022-05-30 18:13:09,0,0,0.248139,0,0,94.2928,5.459057,0,0
2022-05-30 18:13:08,0,0,1.2531328,0.2506266,0,90.22556,8.270677,0,0
2022-05-30 18:13:07,0,0,1.25,0,0,90.25,8.5,0,0
2022-05-30 18:13:06,0,0,1.745636,0.2493766,0,87.03242,10.972569,0,0
2022-05-30 18:13:05,0,0,1.2626263,0,0,88.63636,10.10101,0,0
2022-05-30 18:13:04,0,0,3.491272,0.9975062,0,85.28678,10.224439,0,0
2022-05-30 18:13:03,0,0,4.25,1,0,81.25,13.5,0,0
2022-05-30 18:13:02,0,0,5.985037,0.7481297,0,79.55112,13.715711,0,0
2022-05-30 18:13:01,0,0,4.260652,0.2506266,0,78.94737,16.541353,0,0
2022-05-30 18:13:00,0,0,4,0.5,0,84.75,10.75,0,0
2022-05-30 18:12:59,0,0,3.75,0.25,0,84.5,11.5,0,0
2022-05-30 18:12:58,0,0,2.985075,0.2487562,0,86.31841,10.447761,0,0
2022-05-30 18:12:57,0,0,2.267003,0.2518892,0,90.17632,7.304786,0,0
2022-05-30 18:12:56,0,0,0.7444169,0,0,88.83375,10.421836,0,0
2022-05-30 18:12:55,0,0,0.5,0.25,0,92.25,7,0,0
2022-05-30 18:12:54,0,0,1.2531328,0.2506266,0,91.22807,7.26817,0,0
2022-05-30 18:12:53,0,0,1.2468828,0.2493766,0,91.02244,7.481297,0,0
2022-05-30 18:12:52,0,0,1.2562814,0.5025126,0,87.9397,10.301508,0,0
2022-05-30 18:12:51,0,0,1.99005,0.4975124,0,87.31343,10.199005,0,0
2022-05-30 18:12:50,0,0,3.015075,0.5025126,0,83.41709,13.065327,0,0
2022-05-30 18:12:49,0,0,2.743142,0.4987531,0,87.53117,9.226933,0,0
2022-05-30 18:12:48,0,0,4.75,0.5,0,82.25,12.5,0,0
2022-05-30 18:12:47,0,0,5.276382,0.5025126,0,79.64824,14.572864,0,0
2022-05-30 18:12:46,0,0,4.260652,1.0025063,0,83.20802,11.528822,0,0
2022-05-30 18:12:45,0,0,4.218362,0.7444169,0,84.11911,10.918114,0,0
2022-05-30 18:12:44,0,0,3.015075,1.0050251,0,84.17085,11.809045,0,0
2022-05-30 18:12:43,0,0,2.487562,0.2487562,0,88.0597,9.20398,0,0
2022-05-30 18:12:42,0,0,0.7481297,0,0,90.52369,8.72818,0,0
2022-05-30 18:12:41,0,0,0.7556675,0.2518892,0,93.70277,5.289673,0,0
2022-05-30 18:12:40,0,0,1.25,0.5,0,89.25,9,0,0
2022-05-30 18:12:39,0,0,0.9950249,0.2487562,0,91.29353,7.462687,0,0
2022-05-30 18:12:38,0,0,1.5075377,0.5025126,0,88.94472,9.045226,0,0
2022-05-30 18:12:37,0,0,1.2468828,0.4987531,0,86.78304,11.221945,0,0
2022-05-30 18:12:36,0,0,1.99005,0.4975124,0,88.0597,9.452736,0,0
2022-05-30 18:12:35,0,0,4.010025,1.0025063,0,84.21053,10.776942,0,0
2022-05-30 18:12:34,0,0,4.5,0.5,0,78.25,16.75,0,0
2022-05-30 18:12:33,0,0,4.987531,0.9975062,0,79.05237,14.962594,0,0
2022-05-30 18:12:32,0,0,2.756892,0.5012531,0,86.21554,10.526316,0,0
2022-05-30 18:12:31,0,0,3.75,0.25,0,84.5,11.5,0,0
2022-05-30 18:12:30,0,0,3.75,0.25,0,84.25,11.75,0,0
2022-05-30 18:12:29,0,0,3.015075,0.7537688,0,86.43216,9.798995,0,0
2022-05-30 18:12:28,0,0,2.244389,0.4987531,0,88.52868,8.72818,0,0
2022-05-30 18:12:27,0,0,1.2531328,0.2506266,0,89.22306,9.273183,0,0
2022-05-30 18:12:26,0,0,0.9925558,0.248139,0,91.31514,7.444169,0,0
2022-05-30 18:12:25,0,0,1.0025063,0.2506266,0,89.97494,8.77193,0,0
2022-05-30 18:12:24,0,0,1.2562814,0.2512563,0,89.44724,9.045226,0,0
2022-05-30 18:12:23,0,0,1.99005,0.2487562,0,86.81592,10.945274,0,0
2022-05-30 18:12:22,0,0,1.763224,0.5037783,0,88.4131,9.319899,0,0
2022-05-30 18:12:21,0,0,4,0.75,0,83.75,11.5,0,0
2022-05-30 18:12:20,0,0,4.726368,0.9950249,0,80.84577,13.432836,0,0
2022-05-30 18:12:19,0,0,3.517588,0.2512563,0,82.66332,13.567839,0,0
2022-05-30 18:12:18,0,0,3.482587,0.2487562,0,84.32836,11.940299,0,0
2022-05-30 18:12:17,0,0,3.75,1,0,83.5,11.75,0,0
2022-05-30 18:12:16,0,0,4.010025,0.5012531,0,84.96241,10.526316,0,0
2022-05-30 18:12:15,0,0,3.25,0.5,0,85,11.25,0,0
2022-05-30 18:12:14,0,0,2,0.5,0,85,12.5,0,0
2022-05-30 18:12:13,0,0,2,0,0,90.75,7.25,0,0
2022-05-30 18:12:12,0,0,1.745636,0.2493766,0,90.77307,7.23192,0,0
2022-05-30 18:12:11,0,0,1.4962594,0.4987531,0,88.2793,9.725686,0,0
2022-05-30 18:12:10,0,0,2.272727,0.2525253,0,88.38384,9.090909,0,0
2022-05-30 18:12:09,0,0,1.2406948,0.4962779,0,88.83375,9.42928,0,0
2022-05-30 18:12:08,0,0,1.4962594,0.2493766,0,89.77556,8.478803,0,0
2022-05-30 18:12:07,0,0,3.75,0.5,0,86,9.75,0,0
2022-05-30 18:12:06,0,0,4.020101,0.7537688,0,83.16583,12.060302,0,0
2022-05-30 18:12:05,0,0,2.487562,0.4975124,0,84.82587,11.940299,0,0
2022-05-30 18:12:04,0,0,2.01005,0.2512563,0,86.43216,11.306533,0,0
2022-05-30 18:12:03,0,0,4.987531,0.4987531,0,81.29676,13.216958,0,0
2022-05-30 18:12:02,0,0,3.5,0.5,0,86.25,9.75,0,0
2022-05-30 18:12:01,0,0,3.75,1,0,84.5,10.75,0,0
2022-05-30 18:12:00,0,0,2.743142,0.7481297,0,85.28678,11.221945,0,0
2022-05-30 18:11:59,0,0,2.506266,0.2506266,0,89.22306,8.02005,0,0
2022-05-30 18:11:58,0,0,1.2468828,0.2493766,0,88.2793,10.224439,0,0
2022-05-30 18:11:57,0,0,1.2531328,0.2506266,0,89.72431,8.77193,0,0
2022-05-30 18:11:56,0,0,2.5,0.25,0,88.75,8.5,0,0
2022-05-30 18:11:55,0,0,1.758794,0.5025126,0,88.19095,9.547739,0,0
2022-05-30 18:11:54,0,0,1.745636,0.4987531,0,89.52618,8.229426,0,0
2022-05-30 18:11:53,0,0,2.493766,0.2493766,0,87.78055,9.476309,0,0
2022-05-30 18:11:52,0,0,3,0.5,0,85.75,10.75,0,0
2022-05-30 18:11:51,0,0,2.75,0.5,0,85,11.75,0,0
2022-05-30 18:11:50,0,0,2,0.5,0,87,10.5,0,0
2022-05-30 18:11:49,0,0,4.25,0.5,0,83,12.25,0,0
2022-05-30 18:11:48,0,0,3.517588,0.5025126,0,86.1809,9.547739,0,0
2022-05-30 18:11:47,0,0,4.71464,0.9925558,0,83.37469,10.918114,0,0
2022-05-30 18:11:46,0,0,2.756892,0.2506266,0,84.46115,12.531328,0,0
2022-05-30 18:11:45,0,0,2.992519,0.4987531,0,86.78304,9.725686,0,0
2022-05-30 18:11:44,0,0,1.5075377,0.2512563,0,87.9397,10.301508,0,0
2022-05-30 18:11:43,0,0,1.741294,0.2487562,0,91.79104,6.218905,0,0
2022-05-30 18:11:42,0,0,1.754386,0.2506266,0,88.97243,9.022556,0,0
2022-05-30 18:11:41,0,0,1.758794,0.5025126,0,89.19598,8.542714,0,0
2022-05-30 18:11:40,0,0,1.99005,0.2487562,0,88.80597,8.955224,0,0
2022-05-30 18:11:39,0,0,1.75,0.25,0,89,9,0,0
2022-05-30 18:11:38,0,0,3.266332,0.2512563,0,83.9196,12.562814,0,0
2022-05-30 18:11:37,0,0,3.740648,0.4987531,0,84.28928,11.471322,0,0
2022-05-30 18:11:36,0,0,2.25,0.25,0,85,12.5,0,0
2022-05-30 18:11:35,0,0,3.75,0.75,0,85.75,9.75,0,0
2022-05-30 18:11:34,0,0,4.239401,0.7481297,0,83.04239,11.970075,0,0
2022-05-30 18:11:33,0,0,3.75,0.5,0,83.25,12.5,0,0
2022-05-30 18:11:32,0,0,2.5,0.5,0,84.25,12.75,0,0
2022-05-30 18:11:31,0,0,1.741294,0.4975124,0,86.31841,11.19403,0,0
2022-05-30 18:11:30,0,0,1.5075377,0,0,91.20603,7.286432,0,0
2022-05-30 18:11:29,0,0,1.25,0.25,0,92.25,6.25,0,0
2022-05-30 18:11:28,0,0,1.99005,0.4975124,0,88.0597,9.452736,0,0
2022-05-30 18:11:27,0,0,2.005013,0.2506266,0,88.97243,8.77193,0,0
2022-05-30 18:11:26,0,0,1.5037594,0.2506266,0,89.47368,8.77193,0,0
2022-05-30 18:11:25,0,0,1.995012,0.4987531,0,89.27681,8.229426,0,0
2022-05-30 18:11:24,0,0,2.75,0.25,0,86,11,0,0
2022-05-30 18:11:23,0,0,3.517588,0.5025126,0,86.1809,9.798995,0,0
2022-05-30 18:11:22,0,0,4.488778,0.4987531,0,82.79302,12.219451,0,0
2022-05-30 18:11:21,0,0,2.5,0,0,87.25,10.25,0,0
2022-05-30 18:11:20,0,0,4.239401,0.4987531,0,82.79302,12.468828,0,0
2022-05-30 18:11:19,0,0,3.5,0.5,0,85.25,10.75,0,0
2022-05-30 18:11:18,0,0,3.75,0.75,0,86.25,9.25,0,0
2022-05-30 18:11:17,0,0,3.508772,0.5012531,0,85.96491,10.025063,0,0
2022-05-30 18:11:16,0,0,1.4962594,0.4987531,0,88.77805,9.226933,0,0
2022-05-30 18:11:15,0,0,1.0025063,0.2506266,0,91.97995,6.766917,0,0
2022-05-30 18:11:14,0,0,1.995012,0.2493766,0,91.5212,6.234414,0,0
2022-05-30 18:11:13,0,0,1.75,0.25,0,86.75,11.25,0,0
2022-05-30 18:11:12,0,0,1.5037594,0.2506266,0,89.72431,8.521303,0,0
2022-05-30 18:11:11,0,0,1.745636,0.7481297,0,89.77556,7.730673,0,0
2022-05-30 18:11:10,0,0,3.007519,0.2506266,0,87.7193,9.022556,0,0
2022-05-30 18:11:09,0,0,2.743142,0.4987531,0,84.28928,12.468828,0,0
2022-05-30 18:11:08,0,0,3.5,0.5,0,85.25,10.75,0,0
2022-05-30 18:11:07,0,0,2.244389,0.4987531,0,86.78304,10.473815,0,0
2022-05-30 18:11:06,0,0,4.030227,0.7556675,0,82.87154,12.342569,0,0
2022-05-30 18:11:05,0,0,5,0.75,0,80.75,13.5,0,0
2022-05-30 18:11:04,0,0,3.990025,0.7481297,0,83.29177,11.720698,0,0
2022-05-30 18:11:03,0,0,4.239401,0.7481297,0,82.79302,12.219451,0,0
2022-05-30 18:11:02,0,0,1.754386,0.2506266,0,85.96491,12.030075,0,0
2022-05-30 18:11:01,0,0,2.506266,0.5012531,0,89.97494,7.017544,0,0
2022-05-30 18:11:00,0,0,1.4962594,0.2493766,0,90.77307,7.481297,0,0
2022-05-30 18:10:59,0,0,1.2468828,0.2493766,0,89.27681,9.226933,0,0
2022-05-30 18:10:58,0,0,1.5075377,0,0,90.20101,8.291457,0,0
2022-05-30 18:10:57,0,0,0.2506266,0.2506266,0,92.73183,6.766917,0,0
2022-05-30 18:10:56,0,0,1.99005,0.2487562,0,89.30348,8.457711,0,0
2022-05-30 18:10:55,0,0,2.493766,0.4987531,0,87.53117,9.226933,0,0
2022-05-30 18:10:54,0,0,4.260652,0.7518797,0,80.70175,14.285714,0,0
2022-05-30 18:10:53,0,0,3.740648,0.9975062,0,81.29676,13.715711,0,0
2022-05-30 18:10:52,0,0,3.007519,1.0025063,0,86.71679,9.273183,0,0
2022-05-30 18:10:51,0,0,4.25,1,0,82,12.75,0,0
2022-05-30 18:10:50,0,0,3.25,0.5,0,85.75,10.5,0,0
2022-05-30 18:10:49,0,0,4.25,1,0,83,11.75,0,0
2022-05-30 18:10:48,0,0,2.75,0.5,0,83,13.75,0,0
2022-05-30 18:10:47,0,0,2.005013,0,0,89.22306,8.77193,0,0
2022-05-30 18:10:46,0,0,2,0.5,0,90.25,7.25,0,0
2022-05-30 18:10:45,0,0,1.75,0,0,89.5,8.75,0,0
2022-05-30 18:10:44,0,0,1.0075567,0.5037783,0,90.6801,7.808564,0,0
2022-05-30 18:10:43,0,0,0.248139,0.248139,0,92.55583,6.947891,0,0
2022-05-30 18:10:42,0,0,2.01005,0.5025126,0,91.70854,5.778894,0,0
2022-05-30 18:10:41,0,0,3.233831,0.4975124,0,85.07463,10.945274,0,0
2022-05-30 18:10:40,0,0,3.25,0.5,0,84,12.25,0,0
2022-05-30 18:10:39,0,0,3.5,0.75,0,83,12.75,0,0
2022-05-30 18:10:38,0,0,3,0.75,0,86,10.25,0,0
2022-05-30 18:10:37,0,0,4.488778,0.4987531,0,82.29426,12.718204,0,0
2022-05-30 18:10:36,0,0,3.5,0.5,0,87.5,8.5,0,0
2022-05-30 18:10:35,0,0,4.25,0.5,0,83,12,0,0
2022-05-30 18:10:34,0,0,3.258145,0.5012531,0,85.46366,10.776942,0,0
2022-05-30 18:10:33,0,0,2.25,0.25,0,87.5,10,0,0
2022-05-30 18:10:32,0,0,2,0,0,92,6,0,0
2022-05-30 18:10:31,0,0,1.4962594,0.4987531,0,87.78055,10.224439,0,0
2022-05-30 18:10:30,0,0,0.7518797,0,0,90.97744,8.270677,0,0
2022-05-30 18:10:29,0,0,0.7518797,0,0,91.4787,7.769424,0,0
2022-05-30 18:10:28,0,0,1.99005,0.2487562,0,89.05473,8.706468,0,0
2022-05-30 18:10:27,0,0,2.25,0.25,0,89.25,8.25,0,0
2022-05-30 18:10:26,0,0,4.010025,0.5012531,0,85.46366,10.025063,0,0
2022-05-30 18:10:25,0,0,3.5,0.5,0,83.25,12.5,0,0
2022-05-30 18:10:24,0,0,2.506266,0.2506266,0,85.71429,11.528822,0,0
2022-05-30 18:10:23,0,0,3.25,0.25,0,84.75,11.75,0,0
2022-05-30 18:10:22,0,0,3.990025,0.7481297,0,83.29177,11.970075,0,0
2022-05-30 18:10:21,0,0,3.5,1,0,86.25,9.25,0,0
2022-05-30 18:10:20,0,0,4.25,1,0,83,11.75,0,0
2022-05-30 18:10:19,0,0,3.768844,0.5025126,0,82.66332,13.065327,0,0
2022-05-30 18:10:18,0,0,2,0.25,0,90.5,7,0,0
2022-05-30 18:10:17,0,0,1.745636,0.4987531,0,90.52369,7.23192,0,0
2022-05-30 18:10:16,0,0,0.2506266,0,0,89.97494,9.774436,0,0
2022-05-30 18:10:15,0,0,0.2493766,0.4987531,0,92.01995,7.23192,0,0
2022-05-30 18:10:14,0,0,1.0050251,0,0,91.20603,7.788945,0,0
2022-05-30 18:10:13,0,0,2.493766,0.4987531,0,88.52868,8.478803,0,0
2022-05-30 18:10:12,0,0,4.511278,0.7518797,0,80.45113,14.035088,0,0
2022-05-30 18:10:11,0,0,3.491272,0.4987531,0,83.54115,12.468828,0,0
2022-05-30 18:10:10,0,0,4,0.75,0,82.75,12.5,0,0
2022-05-30 18:10:09,0,0,4,1,0,83.5,11.5,0,0
2022-05-30 18:10:08,0,0,4,0.5,0,85,10,0,0
2022-05-30 18:10:07,0,0,2.736318,0.4975124,0,85.8209,10.945274,0,0
2022-05-30 18:10:06,0,0,2.756892,0.2506266,0,88.22055,8.77193,0,0
2022-05-30 18:10:05,0,0,2.5,0.5,0,86,11,0,0
2022-05-30 18:10:04,0,0,1.754386,0.2506266,0,89.97494,8.02005,0,0
2022-05-30 18:10:03,0,0,2,0.25,0,89.75,8,0,0
2022-05-30 18:10:02,0,0,1.741294,0.4975124,0,88.0597,9.452736,0,0
2022-05-30 18:10:01,0,0,1.0025063,0,0,89.47368,9.52381,0,0
2022-05-30 18:10:00,0,0,1.0025063,0,0,91.22807,7.769424,0,0
2022-05-30 18:09:59,0,0,3.722084,0.7444169,0,84.86352,10.669975,0,0
2022-05-30 18:09:58,0,0,4.271357,1.0050251,0,81.40704,13.316583,0,0
2022-05-30 18:09:57,0,0,2.75,1,0,87.75,8.5,0,0
2022-05-30 18:09:56,0,0,4,0.5,0,80.75,14.75,0,0
2022-05-30 18:09:55,0,0,3.5,0.5,0,84.25,11.75,0,0
2022-05-30 18:09:54,0,0,3,0.75,0,85.5,10.75,0,0
2022-05-30 18:09:53,0,0,2.5,0.25,0,86.5,10.75,0,0
2022-05-30 18:09:52,0,0,1.995012,0.2493766,0,88.02993,9.725686,0,0
2022-05-30 18:09:51,0,0,2.005013,0,0,89.72431,8.270677,0,0
2022-05-30 18:09:50,0,0,2,0.25,0,91,6.75,0,0
2022-05-30 18:09:49,0,0,2.244389,0.2493766,0,89.27681,8.229426,0,0
2022-05-30 18:09:48,0,0,2,0,0,88.25,9.75,0,0
2022-05-30 18:09:47,0,0,1.75,0.25,0,89.5,8.5,0,0
2022-05-30 18:09:46,0,0,0,0,0,89.97494,10.025063,0,0
2022-05-30 18:09:45,0,0,2.743142,0.4987531,0,86.53367,10.224439,0,0
2022-05-30 18:09:44,0,0,4.271357,0.7537688,0,85.42714,9.547739,0,0
2022-05-30 18:09:43,0,0,4.738155,0.7481297,0,83.04239,11.471322,0,0
2022-05-30 18:09:42,0,0,4,0.75,0,82.75,12.5,0,0
2022-05-30 18:09:41,0,0,3.990025,0.4987531,0,82.54364,12.967581,0,0
2022-05-30 18:09:40,0,0,3.526448,0.7556675,0,86.1461,9.571788,0,0
2022-05-30 18:09:39,0,0,2.238806,0.4975124,0,88.80597,8.457711,0,0
2022-05-30 18:09:38,0,0,1.75,0.25,0,88.25,9.75,0,0
2022-05-30 18:09:37,0,0,1.745636,0.4987531,0,89.77556,7.98005,0,0
2022-05-30 18:09:36,0,0,2.255639,0.2506266,0,89.97494,7.518797,0,0
2022-05-30 18:09:35,0,0,2.255639,0.5012531,0,89.47368,7.769424,0,0
2022-05-30 18:09:34,0,0,2.25,0.5,0,87.75,9.5,0,0
2022-05-30 18:09:33,0,0,1,0.25,0,87,11.75,0,0
2022-05-30 18:09:32,0,0,0,0,0,92.01995,7.98005,0,0
2022-05-30 18:09:31,0,0,1.754386,0.5012531,0,88.47118,9.273183,0,0
2022-05-30 18:09:30,0,0,3.740648,0.7481297,0,83.04239,12.468828,0,0
2022-05-30 18:09:29,0,0,4.5,1,0,84.75,9.75,0,0
2022-05-30 18:09:28,0,0,5.5,1,0,80.25,13.25,0,0
2022-05-30 18:09:27,0,0,3.25,0.5,0,87.25,9,0,0
2022-05-30 18:09:26,0,0,4.5,0.25,0,83.25,12,0,0
2022-05-30 18:09:25,0,0,2.5,0.5,0,84.75,12.25,0,0
2022-05-30 18:09:24,0,0,2,0.5,0,89,8.5,0,0
2022-05-30 18:09:23,0,0,2.25,0,0,89,8.75,0,0
2022-05-30 18:09:22,0,0,2.25,0.25,0,90.5,7,0,0
2022-05-30 18:09:21,0,0,2.5,0.75,0,88.25,8.5,0,0
2022-05-30 18:09:20,0,0,1.25,0.25,0,90,8.5,0,0
2022-05-30 18:09:19,0,0,1,0,0,88.5,10.5,0,0
2022-05-30 18:09:18,0,0,0,0,0,91.18388,8.816121,0,0
2022-05-30 18:09:17,0,0,0.4975124,0,0,91.54229,7.960199,0,0
2022-05-30 18:09:16,0,0,1.995012,0.4987531,0,86.03491,11.471322,0,0
2022-05-30 18:09:15,0,0,3.768844,0.7537688,0,83.66834,11.809045,0,0
2022-05-30 18:09:14,0,0,6.516291,0.7518797,0,79.94987,12.781955,0,0
2022-05-30 18:09:13,0,0,4.75,0.5,0,81.25,13.5,0,0
2022-05-30 18:09:12,0,0,4.975124,0.4975124,0,80.84577,13.681592,0,0
2022-05-30 18:09:11,0,0,2,0.5,0,86.25,11.25,0,0
2022-05-30 18:09:10,0,0,3.266332,0.5025126,0,87.68844,8.542714,0,0
2022-05-30 18:09:09,0,0,2.238806,0.2487562,0,88.80597,8.706468,0,0
2022-05-30 18:09:08,0,0,2.518892,0,0,89.67254,7.808564,0,0
2022-05-30 18:09:07,0,0,1.99005,0.2487562,0,90.54726,7.21393,0,0
2022-05-30 18:09:06,0,0,1.0025063,0.2506266,0,89.97494,8.77193,0,0
2022-05-30 18:09:05,0,0,0.4987531,0,0,90.52369,8.977556,0,0
2022-05-30 18:09:04,0,0,0.25,0,0,94.75,5,0,0
2022-05-30 18:09:03,0,0,0,0,0,91,8.75,0,0
2022-05-30 18:09:02,0,0,1.75,0.5,0,87.25,10.5,0,0
2022-05-30 18:09:01,0,0,2,0.5,0,88.75,8.75,0,0
2022-05-30 18:09:00,0,0,6.483791,1.2468828,0,78.05486,14.214464,0,0
2022-05-30 18:08:59,0,0,6.030151,0.5025126,0,79.39698,14.070352,0,0
2022-05-30 18:08:58,0,0,5.223881,0.7462687,0,79.60199,14.427861,0,0
2022-05-30 18:08:57,0,0,3.015075,0.2512563,0,86.68342,10.050251,0,0
2022-05-30 18:08:56,0,0,2.238806,0,0,85.07463,12.686567,0,0
2022-05-30 18:08:55,0,0,1.754386,0.5012531,0,91.4787,6.265664,0,0
2022-05-30 18:08:54,0,0,3,0.25,0,88.75,8,0,0
2022-05-30 18:08:53,0,0,2,0.25,0,89.5,8.25,0,0
2022-05-30 18:08:52,0,0,1.745636,0.2493766,0,90.77307,7.23192,0,0
2022-05-30 18:08:51,0,0,0.7537688,0,0,90.95477,8.291457,0,0
2022-05-30 18:08:50,0,0,0.4975124,0,0,91.54229,7.960199,0,0
2022-05-30 18:08:49,0,0,0,0,0,88.91688,10.831234,0,0
2022-05-30 18:08:48,0,0,0.5,0.25,0,91.75,7.5,0,0
2022-05-30 18:08:47,0,0,4.488778,0.4987531,0,82.54364,12.468828,0,0
2022-05-30 18:08:46,0,0,4.488778,0.7481297,0,81.29676,13.466334,0,0
2022-05-30 18:08:45,0,0,6.015038,0.7518797,0,79.94987,13.283208,0,0
2022-05-30 18:08:44,0,0,5.223881,0.9950249,0,77.61194,16.169154,0,0
2022-05-30 18:08:43,0,0,3.02267,0.7556675,0,83.87909,12.342569,0,0
2022-05-30 18:08:42,0,0,3.233831,0.4975124,0,84.0796,12.189055,0,0
2022-05-30 18:08:41,0,0,2.25,0.5,0,90.75,6.5,0,0
2022-05-30 18:08:40,0,0,2.261307,0,0,88.69347,9.045226,0,0
2022-05-30 18:08:39,0,0,1.985112,0.4962779,0,88.83375,8.684864,0,0
2022-05-30 18:08:38,0,0,1.0025063,0,0,91.97995,7.017544,0,0
2022-05-30 18:08:37,0,0,1.25,0.5,0,91.5,6.75,0,0
2022-05-30 18:08:36,0,0,0,0,0,92.5,7.5,0,0
2022-05-30 18:08:35,0,0,0.2493766,0.2493766,0,91.27182,7.730673,0,0
2022-05-30 18:08:34,0,0,0,0.2512563,0,89.19598,10.301508,0,0
2022-05-30 18:08:33,0,0,1.2437811,0.4975124,0,90.54726,7.711443,0,0
2022-05-30 18:08:32,0,0,6.78392,1.5075377,0,76.88442,14.824121,0,0
2022-05-30 18:08:31,0,0,6.733167,0.7481297,0,78.80299,13.715711,0,0
2022-05-30 18:08:30,0,0,5.012531,0.5012531,0,82.45614,12.030075,0,0
2022-05-30 18:08:29,0,0,5.236908,1.2468828,0,78.05486,15.461347,0,0
2022-05-30 18:08:28,0,0,2.756892,0,0,86.21554,11.027569,0,0
2022-05-30 18:08:27,0,0,2.756892,1.0025063,0,87.46867,8.77193,0,0
2022-05-30 18:08:26,0,0,1.99005,0.2487562,0,89.801,7.960199,0,0
2022-05-30 18:08:25,0,0,1.5,0.25,0,91,7.25,0,0
2022-05-30 18:08:24,0,0,1.2562814,0.2512563,0,91.20603,7.286432,0,0
2022-05-30 18:08:23,0,0,0,0,0,92.5,7.5,0,0
2022-05-30 18:08:22,0,0,0.2493766,0,0,93.26683,6.483791,0,0
2022-05-30 18:08:21,0,0,0,0,0,92.98246,7.017544,0,0
2022-05-30 18:08:20,0,0,0,0,0,87.53117,12.219451,0,0
2022-05-30 18:08:19,0,0,0.4987531,0.4987531,0,88.2793,9.975062,0,0
2022-05-30 18:08:18,0,0,3.5,0.5,0,85,11,0,0
2022-05-30 18:08:17,0,0,7.5,1,0,75,16.5,0,0
2022-05-30 18:08:16,0,0,7.769424,0.7518797,0,76.4411,15.037594,0,0
2022-05-30 18:08:15,0,0,6.516291,0.7518797,0,76.19048,16.541353,0,0
2022-05-30 18:08:14,0,0,3.9801,0.4975124,0,82.33831,13.18408,0,0
2022-05-30 18:08:13,0,0,2.255639,0,0,87.21805,10.526316,0,0
2022-05-30 18:08:12,0,0,1.25,0.25,0,93.25,5.25,0,0
2022-05-30 18:08:11,0,0,1.0025063,0,0,94.48622,4.511278,0,0
2022-05-30 18:08:10,0,0,0.4987531,0,0,92.76808,6.733167,0,0
2022-05-30 18:08:09,0,0,0.2493766,0.2493766,0,93.26683,6.234414,0,0
2022-05-30 18:08:08,0,0,0,0,0,92.46231,7.537688,0,0
2022-05-30 18:08:07,0,0,0,0,0,94.25,5.75,0,0
2022-05-30 18:08:06,0,0,0.25,0,0,90.5,9,0,0
2022-05-30 18:08:05,0,0,0,0,0,84.75,12.75,0,0
2022-05-30 18:08:04,0,0,4.271357,0.5025126,0,81.40704,13.567839,0,0
2022-05-30 18:08:03,0,0,5.955335,1.4888337,0,79.40447,13.151365,0,0
2022-05-30 18:08:02,0,0,9.25,1.75,0,72.25,16.75,0,0
2022-05-30 18:08:01,0,0,5.513784,1.0025063,0,77.44361,16.0401,0,0
2022-05-30 18:08:00,0,0,4.987531,0.4987531,0,81.54613,12.967581,0,0
2022-05-30 18:07:59,0,0,3.5,0.25,0,84.75,11.5,0,0
2022-05-30 18:07:58,0,0,1.0050251,0.2512563,0,92.46231,6.281407,0,0
2022-05-30 18:07:57,0,0,1,0.25,0,94.25,4.5,0,0
2022-05-30 18:07:56,0,0,0,0,0,93.28358,6.716418,0,0
2022-05-30 18:07:55,0,0,0,0,0,94.45844,5.541562,0,0
2022-05-30 18:07:54,0,0,0.2475248,0,0,94.80198,4.950495,0,0
2022-05-30 18:07:53,0,0,0,0,0,92.9471,7.052897,0,0
2022-05-30 18:07:52,0,0,0,0,0,91.72932,8.270677,0,0
2022-05-30 18:07:51,0,0,0,0,0,86.75,12.75,0,0
2022-05-30 18:07:50,0,0,2.736318,0.4975124,0,78.35821,13.432836,0,0
2022-05-30 18:07:49,0,0,4.761905,0.7518797,0,84.46115,9.52381,0,0.2506266
2022-05-30 18:07:48,0,0,8.457711,1.4925373,0,74.37811,15.671642,0,0
2022-05-30 18:07:47,0,0,7.537688,1.0050251,0,75.12563,16.331658,0,0
2022-05-30 18:07:46,0,0,5.486284,0.7481297,0,78.80299,14.962594,0,0
2022-05-30 18:07:45,0,0,3.517588,0.5025126,0,85.92965,10.050251,0,0
2022-05-30 18:07:44,0,0,1.25,0.25,0,90.25,8.25,0,0
2022-05-30 18:07:43,0,0,0.9925558,0.248139,0,93.79653,4.962779,0,0
2022-05-30 18:07:42,0,0,0.25,0,0,93.75,6,0,0
2022-05-30 18:07:41,0,0,0,0,0,94.73684,5.263158,0,0
2022-05-30 18:07:40,0,0,0,0,0,94.5,5.5,0,0
2022-05-30 18:07:39,0,0,0,0,0,93.75,6.25,0,0
2022-05-30 18:07:38,0,0,0.2493766,0,0,90.02494,9.476309,0,0
2022-05-30 18:07:37,0,0,0,0.2506266,0,89.22306,10.526316,0,0
2022-05-30 18:07:36,0,0,2.255639,0.5012531,0,85.21303,11.779449,0,0
2022-05-30 18:07:35,0,0,5.735661,1.2468828,0,79.30175,13.715711,0,0
2022-05-30 18:07:34,0,0,6.766917,1.0025063,0,79.44862,12.781955,0,0
2022-05-30 18:07:33,0,0,6.015038,1.0025063,0,78.94737,14.035088,0,0
2022-05-30 18:07:32,0,0,5.721393,0.4975124,0,78.85572,14.925373,0,0
2022-05-30 18:07:31,0,0,4.271357,1.2562814,0,82.91457,11.557789,0,0
2022-05-30 18:07:30,0,0,2.487562,0.2487562,0,86.81592,10.447761,0,0
2022-05-30 18:07:29,0,0,1.2531328,0.2506266,0,91.97995,6.516291,0,0
2022-05-30 18:07:28,0,0,1,0,0,93,6,0,0
2022-05-30 18:07:27,0,0,0.2506266,0.2506266,0,93.48371,6.015038,0,0
2022-05-30 18:07:26,0,0,0,0,0,93.75,6.25,0,0
2022-05-30 18:07:25,0,0,0.25,0,0,93.75,6,0,0
2022-05-30 18:07:24,0,0,0,0,0,91.5,8.5,0,0
2022-05-30 18:07:23,0,0,0,0,0,89.55224,9.701493,0,0
2022-05-30 18:07:22,0,0,1.0050251,0.5025126,0,85.67839,12.311558,0,0
2022-05-30 18:07:21,0,0,5.970149,0.4975124,0,80.84577,12.686567,0,0
2022-05-30 18:07:20,0,0,7.26817,1.2531328,0,78.69674,12.781955,0,0
2022-05-30 18:07:19,0,0,6.716418,0.9950249,0,76.86567,15.422886,0,0
2022-05-30 18:07:18,0,0,5.778894,1.5075377,0,77.13568,15.577889,0,0
2022-05-30 18:07:17,0,0,3.731343,1.2437811,0,82.33831,12.437811,0,0
2022-05-30 18:07:16,0,0,3.015075,0.2512563,0,87.18593,9.547739,0,0
2022-05-30 18:07:15,0,0,0.75,0,0,93.5,5.75,0,0
2022-05-30 18:07:14,0,0,0.4987531,0,0,94.76309,4.738155,0,0
2022-05-30 18:07:13,0,0,0.2506266,0,0,94.23559,5.513784,0,0
2022-05-30 18:07:12,0,0,0,0,0,95.2381,4.761905,0,0
2022-05-30 18:07:11,0,0,0,0,0,94.52736,5.472637,0,0
2022-05-30 18:07:10,0,0,0.5,0,0,92.5,7,0,0
2022-05-30 18:07:09,0,0,0.2506266,0,0,90.47619,9.022556,0,0
2022-05-30 18:07:08,0,0,0.5012531,0.2506266,0,84.71178,13.283208,0,0
2022-05-30 18:07:07,0,0,4.25,1,0,80.75,14,0,0
2022-05-30 18:07:06,0,0,6.75,1.5,0,78,13.75,0,0
2022-05-30 18:07:05,0,0,7.26817,0.7518797,0,77.69424,14.285714,0,0
2022-05-30 18:07:04,0,0,6.75,1.25,0,74.5,17.5,0,0
2022-05-30 18:07:03,0,0,5.5,1,0,81.5,12,0,0
2022-05-30 18:07:02,0,0,2.506266,0.2506266,0,89.22306,8.02005,0,0
2022-05-30 18:07:01,0,0,0.9975062,0.4987531,0,90.77307,7.730673,0,0
2022-05-30 18:07:00,0,0,0.5,0,0,93.25,6.25,0,0
2022-05-30 18:06:59,0,0,0,0,0,94.76309,5.236908,0,0
2022-05-30 18:06:58,0,0,0,0,0,96.25,3.75,0,0
2022-05-30 18:06:57,0,0,0.2493766,0,0,93.26683,6.483791,0,0
2022-05-30 18:06:56,0,0,0,0,0,92.75,7.25,0,0
2022-05-30 18:06:55,0,0,0,0,0,92.5,7,0,0
2022-05-30 18:06:54,0,0,0,0.2538071,0,81.9797,14.720812,0,0
2022-05-30 18:06:53,0,0,2.743142,0.2493766,0,86.03491,10.473815,0,0
2022-05-30 18:06:52,0,0,7,1.25,0,77,14.75,0,0
2022-05-30 18:06:51,0,0,7.730673,1.4962594,0,74.06484,16.708229,0,0
2022-05-30 18:06:50,0,0,7.017544,0.7518797,0,77.19298,15.037594,0,0
2022-05-30 18:06:49,0,0,4.75,0.5,0,77.5,17.25,0,0
2022-05-30 18:06:48,0,0,3.007519,0.5012531,0,87.46867,9.022556,0,0
2022-05-30 18:06:47,0,0,1.75,0.5,0,90.75,7,0,0
2022-05-30 18:06:46,0,0,0.2493766,0,0,92.5187,7.23192,0,0
2022-05-30 18:06:45,0,0,0,0.25,0,95,4.75,0,0
2022-05-30 18:06:44,0,0,0.25,0,0,92.75,7,0,0
2022-05-30 18:06:43,0,0,0,0,0,95,5,0,0
2022-05-30 18:06:42,0,0,0,0,0,93.25,6.75,0,0
2022-05-30 18:06:41,0,0,0,0,0,92.23058,7.769424,0,0
2022-05-30 18:06:40,0,0,0,0,0,85.64232,12.342569,0,0
2022-05-30 18:06:39,0,0,1.985112,0.4962779,0,84.36725,12.655087,0,0
2022-05-30 18:06:38,0,0,7.035176,1.0050251,0,76.88442,15.075377,0,0
2022-05-30 18:06:37,0,0,8.229426,1.4962594,0,75.81047,14.46384,0,0
2022-05-30 18:06:36,0,0,6.015038,1.2531328,0,78.94737,13.784461,0,0
2022-05-30 18:06:35,0,0,5.735661,0.9975062,0,75.5611,17.70574,0,0
2022-05-30 18:06:34,0,0,3.759398,0.5012531,0,85.71429,10.025063,0,0
2022-05-30 18:06:33,0,0,1.5075377,0.2512563,0,90.20101,8.040201,0,0
2022-05-30 18:06:32,0,0,1.2406948,0.248139,0,91.31514,7.19603,0,0
2022-05-30 18:06:31,0,0,0.2506266,0,0,93.23308,6.516291,0,0
2022-05-30 18:06:30,0,0,0,0.25,0,93.75,6,0,0
2022-05-30 18:06:29,0,0,0,0.25,0,94,5.75,0,0
2022-05-30 18:06:28,0,0,0,0,0,93.25,6.75,0,0
2022-05-30 18:06:27,0,0,0.2493766,0,0,93.26683,6.483791,0,0
2022-05-30 18:06:26,0,0,0,0,0,87.7193,12.030075,0,0
2022-05-30 18:06:25,0,0,1,0.5,0,87.5,10.25,0,0
2022-05-30 18:06:24,0,0,5.276382,1.0050251,0,80.40201,13.316583,0,0
2022-05-30 18:06:23,0,0,6.733167,0.7481297,0,77.55611,14.962594,0,0
2022-05-30 18:06:22,0,0,7.75,1,0,75.25,16,0,0
2022-05-30 18:06:21,0,0,6.766917,0.7518797,0,77.94486,14.536341,0,0
2022-05-30 18:06:20,0,0,4.488778,0.7481297,0,84.0399,10.723192,0,0
2022-05-30 18:06:19,0,0,1.995012,0.2493766,0,90.77307,6.982544,0,0
2022-05-30 18:06:18,0,0,1.2531328,0.2506266,0,91.72932,6.766917,0,0
2022-05-30 18:06:17,0,0,0.25,0.25,0,94.25,5.25,0,0
2022-05-30 18:06:16,0,0,0,0,0,94.98747,5.012531,0,0
2022-05-30 18:06:15,0,0,0.2493766,0,0,94.76309,4.987531,0,0
2022-05-30 18:06:14,0,0,0,0,0,93.21608,6.78392,0,0
2022-05-30 18:06:13,0,0,0,0,0,93.48371,6.265664,0,0
2022-05-30 18:06:12,0,0,0.2487562,0.2487562,0,89.30348,9.950249,0,0
2022-05-30 18:06:11,0,0,0,0.2506266,0,84.21053,12.280702,0,0
2022-05-30 18:06:10,0,0,4.773869,1.0050251,0,83.16583,10.80402,0,0
2022-05-30 18:06:09,0,0,5.985037,0.7481297,0,81.29676,11.720698,0,0
2022-05-30 18:06:08,0,0,8.75,1.5,0,73,16.75,0,0
2022-05-30 18:06:07,0,0,6.78392,1.0050251,0,73.11558,19.09548,0,0
2022-05-30 18:06:06,0,0,4.962779,0.7444169,0,79.65261,14.640199,0,0
2022-05-30 18:06:05,0,0,2.75,0.5,0,88.25,8.5,0,0
2022-05-30 18:06:04,0,0,0.7537688,0,0,90.20101,9.045226,0,0
2022-05-30 18:06:03,0,0,0,0,0,94.22111,5.778894,0,0
2022-05-30 18:06:02,0,0,0,0,0,96.0396,3.712871,0,0
2022-05-30 18:06:01,0,0,0.25,0,0,93.5,6.25,0,0
2022-05-30 18:06:00,0,0,0,0,0,93.93939,6.060606,0,0
2022-05-30 18:05:59,0,0,0.2469136,0,0,92.34568,7.407407,0,0
2022-05-30 18:05:58,0,0,0,0,0,91.39241,8.607595,0,0
2022-05-30 18:05:57,0,0,0,0,0,88.58561,11.166253,0,0
2022-05-30 18:05:56,0,0,3.274559,1.0075567,0,79.34509,13.602015,0,0.2518892
2022-05-30 18:05:55,0,0,5.735661,0.7481297,0,83.04239,10.473815,0,0
2022-05-30 18:05:54,0,0,8,1.25,0,76,14.75,0,0
2022-05-30 18:05:53,0,0,7.518797,0.7518797,0,74.93734,16.79198,0,0
2022-05-30 18:05:52,0,0,5.75,0.75,0,80.5,13,0,0
2022-05-30 18:05:51,0,0,3.241895,0.4987531,0,88.52868,7.481297,0,0
2022-05-30 18:05:50,0,0,1.5037594,0,0,88.47118,10.025063,0,0
2022-05-30 18:05:49,0,0,0.2493766,0.2493766,0,94.26434,5.236908,0,0
2022-05-30 18:05:48,0,0,0,0,0,96.5,3.5,0,0
2022-05-30 18:05:47,0,0,0,0,0,93.96985,6.030151,0,0
2022-05-30 18:05:46,0,0,0.2487562,0,0,94.77612,4.975124,0,0
2022-05-30 18:05:45,0,0,0,0,0,92.5,7.5,0,0
2022-05-30 18:05:44,0,0,0,0,0,92.73183,7.26817,0,0
2022-05-30 18:05:43,0,0,0.2493766,0,0,88.77805,10.972569,0,0
2022-05-30 18:05:42,0,0,4,1,0,76,16.5,0,0
2022-05-30 18:05:41,0,0,5.513784,1.2531328,0,79.69925,13.533835,0,0
2022-05-30 18:05:40,0,0,5.263158,1.0025063,0,80.70175,13.032581,0,0
2022-05-30 18:05:39,0,0,7.462687,1.99005,0,76.36816,14.179104,0,0
2022-05-30 18:05:38,0,0,5.75,1.5,0,80.75,12,0,0
2022-05-30 18:05:37,0,0,3.5,1,0,84.5,11,0,0
2022-05-30 18:05:36,0,0,2.261307,0,0,88.19095,9.547739,0,0
2022-05-30 18:05:35,0,0,0.9925558,0.248139,0,90.07444,8.684864,0,0
2022-05-30 18:05:34,0,0,0,0,0,94.75,5.25,0,0
2022-05-30 18:05:33,0,0,0,0,0,94.98747,5.012531,0,0
2022-05-30 18:05:32,0,0,0.2493766,0,0,92.5187,7.23192,0,0
2022-05-30 18:05:31,0,0,0,0,0,93.48371,6.516291,0,0
2022-05-30 18:05:30,0,0,0,0,0,91.97995,8.02005,0,0
2022-05-30 18:05:29,0,0,0.9975062,0.4987531,0,89.77556,8.478803,0,0
2022-05-30 18:05:28,0,0,2.005013,0.5012531,0,86.96742,10.526316,0,0
2022-05-30 18:05:27,0,0,5.25,1,0,79.25,14.25,0,0
2022-05-30 18:05:26,0,0,7.75,0.75,0,71.75,19.75,0,0
2022-05-30 18:05:25,0,0,4,1,0,82.75,12.25,0,0
2022-05-30 18:05:24,0,0,5.764411,0.7518797,0,78.44612,15.037594,0,0
2022-05-30 18:05:23,0,0,4.239401,1.2468828,0,80.29925,14.214464,0,0
2022-05-30 18:05:22,0,0,3,0.75,0,87.75,8.5,0,0
2022-05-30 18:05:21,0,0,1.0050251,0.2512563,0,90.70352,8.040201,0,0
2022-05-30 18:05:20,0,0,0.9975062,0,0,93.26683,5.735661,0,0
2022-05-30 18:05:19,0,0,0.2493766,0.2493766,0,92.5187,6.982544,0,0
2022-05-30 18:05:18,0,0,0,0,0,93.98496,6.015038,0,0
2022-05-30 18:05:17,0,0,0.2493766,0,0,94.01496,5.735661,0,0
2022-05-30 18:05:16,0,0,0.25,0.25,0,92.25,7.25,0,0
2022-05-30 18:05:15,0,0,1.758794,0,0,87.18593,10.80402,0,0
2022-05-30 18:05:14,0,0,1.754386,0.2506266,0,83.45865,14.035088,0,0
2022-05-30 18:05:13,0,0,3.75,0.5,0,82,13.75,0,0
2022-05-30 18:05:12,0,0,6.516291,1.0025063,0,78.19549,14.285714,0,0
2022-05-30 18:05:11,0,0,6.483791,0.2493766,0,79.8005,13.466334,0,0
2022-05-30 18:05:10,0,0,5.289673,1.0075567,0,82.61965,11.083123,0,0
2022-05-30 18:05:09,0,0,4.726368,0.4975124,0,82.58706,12.189055,0,0
2022-05-30 18:05:08,0,0,2.5,0.5,0,86.75,10.25,0,0
2022-05-30 18:05:07,0,0,1.995012,0.4987531,0,90.77307,6.733167,0,0
2022-05-30 18:05:06,0,0,1.5037594,0.2506266,0,91.72932,6.516291,0,0
2022-05-30 18:05:05,0,0,0.2506266,0,0,92.23058,7.518797,0,0
2022-05-30 18:05:04,0,0,0.2493766,0,0,94.01496,5.735661,0,0
2022-05-30 18:05:03,0,0,0.2493766,0,0,95.26185,4.488778,0,0
2022-05-30 18:05:02,0,0,0.4987531,0.2493766,0,93.76559,5.486284,0,0
2022-05-30 18:05:01,0,0,1.75,0.5,0,87.75,10,0,0
2022-05-30 18:05:00,0,0,2,0.25,0,84,13.5,0,0
2022-05-30 18:04:59,0,0,2.756892,0.2506266,0,84.96241,11.779449,0,0
2022-05-30 18:04:58,0,0,3.9801,1.2437811,0,84.32836,10.447761,0,0
2022-05-30 18:04:57,0,0,6.015038,0.7518797,0,79.19799,14.035088,0,0
2022-05-30 18:04:56,0,0,5.764411,1.0025063,0,79.69925,13.533835,0,0
2022-05-30 18:04:55,0,0,5.236908,1.2468828,0,79.05237,14.46384,0,0
2022-05-30 18:04:54,0,0,3.015075,0.2512563,0,84.92462,11.809045,0,0
2022-05-30 18:04:53,0,0,2.233251,0.248139,0,88.58561,8.933002,0,0
2022-05-30 18:04:52,0,0,1.5037594,0.2506266,0,91.22807,7.017544,0,0
2022-05-30 18:04:51,0,0,0.25,0,0,91.75,8,0,0
2022-05-30 18:04:50,0,0,0,0,0,95.22613,4.522613,0,0
2022-05-30 18:04:49,0,0,0.2487562,0.2487562,0,92.53731,6.965174,0,0
2022-05-30 18:04:48,0,0,0,0.25,0,91.5,8.25,0,0
2022-05-30 18:04:47,0,0,1.5037594,0,0,88.47118,10.025063,0,0
2022-05-30 18:04:46,0,0,2.25,0.75,0,83.75,13.25,0,0
2022-05-30 18:04:45,0,0,3.9801,1.2437811,0,83.33333,11.442786,0,0
2022-05-30 18:04:44,0,0,3.759398,0.2506266,0,81.95489,14.035088,0,0
2022-05-30 18:04:43,0,0,6.015038,1.2531328,0,79.94987,12.781955,0,0
2022-05-30 18:04:42,0,0,5.472637,0.9950249,0,79.60199,13.930348,0,0
2022-05-30 18:04:41,0,0,4.773869,0.7537688,0,81.90955,12.562814,0,0
2022-05-30 18:04:40,0,0,3.990025,0.4987531,0,84.0399,11.471322,0,0
2022-05-30 18:04:39,0,0,2,0.25,0,89.5,8.25,0,0
2022-05-30 18:04:38,0,0,1.25,0.25,0,91.5,7,0,0
2022-05-30 18:04:37,0,0,0.7518797,0,0,92.73183,6.516291,0,0
2022-05-30 18:04:36,0,0,0.2493766,0,0,94.01496,5.735661,0,0
2022-05-30 18:04:35,0,0,0,0,0,92.23058,7.769424,0,0
2022-05-30 18:04:34,0,0,0,0,0,93.75,6.25,0,0
2022-05-30 18:04:33,0,0,1.25,0.25,0,91.25,7.25,0,0
2022-05-30 18:04:32,0,0,2,0.5,0,85.75,11.5,0,0
2022-05-30 18:04:31,0,0,3.759398,0.7518797,0,81.95489,13.533835,0,0
2022-05-30 18:04:30,0,0,4.75,0.75,0,82.5,12,0,0
2022-05-30 18:04:29,0,0,6,1,0,79.5,13.5,0,0
2022-05-30 18:04:28,0,0,6.218905,0.7462687,0,80.0995,12.686567,0,0
2022-05-30 18:04:27,0,0,5.25,0.5,0,83,11.25,0,0
2022-05-30 18:04:26,0,0,3.241895,0.2493766,0,84.28928,12.219451,0,0
2022-05-30 18:04:25,0,0,2.512563,0.2512563,0,89.19598,8.040201,0,0
2022-05-30 18:04:24,0,0,1.25,0.25,0,93,5.5,0,0
2022-05-30 18:04:23,0,0,0.4987531,0,0,93.26683,6.234414,0,0
2022-05-30 18:04:22,0,0,0,0,0,94.72362,5.276382,0,0
2022-05-30 18:04:21,0,0,0,0,0,92,7.75,0,0
2022-05-30 18:04:20,0,0,0.2493766,0,0,93.01746,6.733167,0,0
2022-05-30 18:04:19,0,0,0.2493766,0.2493766,0,92.26933,7.23192,0,0
2022-05-30 18:04:18,0,0,2.756892,0.5012531,0,86.71679,10.025063,0,0
2022-05-30 18:04:17,0,0,4,0.75,0,83.75,11.25,0,0
2022-05-30 18:04:16,0,0,3.970223,0.4962779,0,83.37469,12.158809,0,0
2022-05-30 18:04:15,0,0,5.808081,1.010101,0,78.78788,14.393939,0,0
2022-05-30 18:04:14,0,0,5,1.25,0,82.5,11.25,0,0
2022-05-30 18:04:13,0,0,4.25,0.75,0,83.5,11.25,0,0
2022-05-30 18:04:12,0,0,4.488778,0.9975062,0,81.79551,12.718204,0,0
2022-05-30 18:04:11,0,0,3.258145,0.5012531,0,86.71679,9.52381,0,0
2022-05-30 18:04:10,0,0,2.487562,0.2487562,0,87.81095,9.452736,0,0
2022-05-30 18:04:09,0,0,1.0075567,0,0,90.6801,8.312343,0,0
2022-05-30 18:04:08,0,0,0,0,0,93.75,6.25,0,0
2022-05-30 18:04:07,0,0,0.2493766,0.2493766,0,93.76559,5.735661,0,0
2022-05-30 18:04:06,0,0,0,0.2506266,0,91.4787,8.270677,0,0
2022-05-30 18:04:05,0,0,0.4987531,0,0,92.5187,6.982544,0,0
2022-05-30 18:04:04,0,0,2.255639,0.2506266,0,85.21303,12.030075,0,0
2022-05-30 18:04:03,0,0,3.740648,0.7481297,0,82.04489,13.216958,0,0
2022-05-30 18:04:02,0,0,3.266332,0.5025126,0,84.92462,11.306533,0,0
2022-05-30 18:04:01,0,0,5.472637,1.2437811,0,80.84577,12.437811,0,0
2022-05-30 18:04:00,0,0,5.025126,0.7537688,0,80.65327,13.316583,0,0
2022-05-30 18:03:59,0,0,5.486284,0.9975062,0,82.79302,10.723192,0,0
2022-05-30 18:03:58,0,0,4.239401,0.2493766,0,81.29676,14.214464,0,0
2022-05-30 18:03:57,0,0,3.007519,0.2506266,0,86.21554,10.526316,0,0
2022-05-30 18:03:56,0,0,1.754386,0.2506266,0,91.72932,6.265664,0,0
2022-05-30 18:03:55,0,0,1.4962594,0,0,90.27431,8.229426,0,0
2022-05-30 18:03:54,0,0,0.7462687,0.2487562,0,92.28856,6.716418,0,0
2022-05-30 18:03:53,0,0,0,0,0,93.23308,6.766917,0,0
2022-05-30 18:03:52,0,0,0.2506266,0,0,93.23308,6.516291,0,0
2022-05-30 18:03:51,0,0,1.2531328,0.2506266,0,88.22055,10.275689,0,0
2022-05-30 18:03:50,0,0,1.4925373,0.2487562,0,90.29851,7.960199,0,0
2022-05-30 18:03:49,0,0,3.007519,0.5012531,0,86.21554,10.275689,0,0
2022-05-30 18:03:48,0,0,2.743142,0.4987531,0,81.29676,14.713217,0,0
2022-05-30 18:03:47,0,0,3.233831,0.4975124,0,86.06965,10.199005,0,0
2022-05-30 18:03:46,0,0,5.541562,1.0075567,0,80.60453,12.846348,0,0
2022-05-30 18:03:45,0,0,5.985037,0.7481297,0,80.798,12.468828,0,0
2022-05-30 18:03:44,0,0,4.260652,1.2531328,0,85.71429,8.77193,0,0
2022-05-30 18:03:43,0,0,3.970223,0.4962779,0,82.134,13.399504,0,0
2022-05-30 18:03:42,0,0,2.005013,0,0,89.97494,8.02005,0,0
2022-05-30 18:03:41,0,0,1.25,0.5,0,91.75,6.5,0,0
2022-05-30 18:03:40,0,0,0.7556675,0,0,93.45088,5.793451,0,0
2022-05-30 18:03:39,0,0,0.4987531,0.2493766,0,93.51621,5.735661,0,0
2022-05-30 18:03:38,0,0,1.4925373,0.2487562,0,90.79602,7.462687,0,0
2022-05-30 18:03:37,0,0,1.0025063,0,0,92.23058,6.766917,0,0
2022-05-30 18:03:36,0,0,2,0.5,0,88.5,9,0,0
2022-05-30 18:03:35,0,0,2.255639,0.5012531,0,88.22055,9.022556,0,0
2022-05-30 18:03:34,0,0,2.743142,0.7481297,0,81.29676,14.713217,0,0
2022-05-30 18:03:33,0,0,0.25,0.25,0,88.5,11,0,0
2022-05-30 18:03:32,0,0,3.517588,0.5025126,0,88.94472,7.035176,0,0
2022-05-30 18:03:31,0,0,6.467662,0.9950249,0,77.8607,14.676617,0,0
2022-05-30 18:03:30,0,0,5.527638,1.0050251,0,76.88442,16.582915,0,0
2022-05-30 18:03:29,0,0,4.738155,0.9975062,0,83.79052,10.473815,0,0
2022-05-30 18:03:28,0,0,3.517588,0.2512563,0,81.40704,14.824121,0,0
2022-05-30 18:03:27,0,0,1.75,0.75,0,89,8.5,0,0
2022-05-30 18:03:26,0,0,0.75,0.25,0,94,5,0,0
2022-05-30 18:03:25,0,0,1.2437811,0,0,90.04975,8.706468,0,0
2022-05-30 18:03:24,0,0,1.25,0.25,0,92.75,5.75,0,0
2022-05-30 18:03:23,0,0,2.5,0.5,0,88.5,8.25,0,0
2022-05-30 18:03:22,0,0,1.5,0,0,92.5,6,0,0
2022-05-30 18:03:21,0,0,2.005013,0.5012531,0,88.47118,9.022556,0,0
2022-05-30 18:03:20,0,0,1.741294,0,0,87.31343,10.696517,0,0
2022-05-30 18:03:19,0,0,0.2512563,0.2512563,0,86.43216,11.306533,0,0
2022-05-30 18:03:18,0,0,0.4987531,0.4987531,0,87.53117,11.221945,0,0
2022-05-30 18:03:17,0,0,4.773869,0.5025126,0,82.91457,11.809045,0,0
2022-05-30 18:03:16,0,0,7.960199,0.9950249,0,75.12438,15.920398,0,0
2022-05-30 18:03:15,0,0,5.793451,0.5037783,0,82.11587,11.586902,0,0
2022-05-30 18:03:14,0,0,4.987531,0.7481297,0,78.30424,15.9601,0,0
2022-05-30 18:03:13,0,0,1.741294,0.2487562,0,87.06468,10.945274,0,0
2022-05-30 18:03:12,0,0,0.5037783,0,0,90.6801,8.816121,0,0
2022-05-30 18:03:11,0,0,0.5,0,0,94.5,5,0,0
2022-05-30 18:03:10,0,0,1.4962594,0,0,93.01746,5.486284,0,0
2022-05-30 18:03:09,0,0,2.261307,0.5025126,0,90.95477,6.281407,0,0
2022-05-30 18:03:08,0,0,1.995012,0.2493766,0,89.27681,8.478803,0,0
2022-05-30 18:03:07,0,0,1.995012,0.2493766,0,89.27681,8.478803,0,0
2022-05-30 18:03:06,0,0,1.2594458,0.2518892,0,88.91688,9.571788,0,0
2022-05-30 18:03:05,0,0,0.4987531,0.2493766,0,85.78554,12.718204,0,0
2022-05-30 18:03:04,0,0,1.2468828,0,0,88.2793,10.224439,0,0
2022-05-30 18:03:03,0,0,4.761905,0.5012531,0,82.20551,12.531328,0,0
2022-05-30 18:03:02,0,0,7.21393,1.2437811,0,74.87562,16.666667,0,0
2022-05-30 18:03:01,0,0,5.527638,1.0050251,0,79.64824,13.819095,0,0
2022-05-30 18:03:00,0,0,4.987531,0.2493766,0,80.798,13.965087,0,0
2022-05-30 18:02:59,0,0,2.255639,0.7518797,0,85.71429,11.278195,0,0
2022-05-30 18:02:58,0,0,0.2493766,0,0,92.26933,7.481297,0,0
2022-05-30 18:02:57,0,0,0,0,0,95.71788,4.282116,0,0
2022-05-30 18:02:56,0,0,1.728395,0.4938272,0,91.35802,6.419753,0,0
2022-05-30 18:02:55,0,0,2.015113,0.2518892,0,89.67254,8.060453,0,0
2022-05-30 18:02:54,0,0,2.244389,0.4987531,0,89.52618,7.730673,0,0
2022-05-30 18:02:53,0,0,2.261307,0.2512563,0,87.18593,10.301508,0,0
2022-05-30 18:02:52,0,0,1.4962594,0.2493766,0,86.53367,11.720698,0,0
2022-05-30 18:02:51,0,0,0,0.2506266,0,88.7218,10.776942,0,0
2022-05-30 18:02:50,0,0,1.5075377,0.2512563,0,87.68844,10.301508,0,0
2022-05-30 18:02:49,0,0,3.482587,0.4975124,0,85.32338,10.447761,0,0
2022-05-30 18:02:48,0,0,5.276382,0.7537688,0,81.65829,12.311558,0,0
2022-05-30 18:02:47,0,0,5.735661,0.7481297,0,79.55112,13.965087,0,0
2022-05-30 18:02:46,0,0,5.223881,0.9950249,0,81.59204,12.189055,0,0
2022-05-30 18:02:45,0,0,4.726368,0.7462687,0,80.84577,13.681592,0,0
2022-05-30 18:02:44,0,0,0,0.2506266,0,89.47368,10.275689,0,0
2022-05-30 18:02:43,0,0,0.7518797,0.2506266,0,92.73183,6.265664,0,0
2022-05-30 18:02:42,0,0,1.758794,0,0,91.9598,6.281407,0,0
2022-05-30 18:02:41,0,0,2,0.25,0,92,5.75,0,0
2022-05-30 18:02:40,0,0,2.25,0.75,0,87.75,9.25,0,0
2022-05-30 18:02:39,0,0,2,0.25,0,90.25,7.5,0,0
2022-05-30 18:02:38,0,0,0.9950249,0.2487562,0,88.80597,9.950249,0,0
2022-05-30 18:02:37,0,0,0.75,0.25,0,91,8,0,0
2022-05-30 18:02:36,0,0,2.267003,0.7556675,0,82.61965,13.098237,0,0
2022-05-30 18:02:35,0,0,1.75,0,0,87.5,10.25,0,0
2022-05-30 18:02:34,0,0,2.506266,0.5012531,0,88.47118,8.521303,0,0
2022-05-30 18:02:33,0,0,5.486284,0.7481297,0,82.79302,10.972569,0,0
2022-05-30 18:02:32,0,0,6,1,0,83.5,9.5,0,0
2022-05-30 18:02:31,0,0,5,0.75,0,80,14,0,0
2022-05-30 18:02:30,0,0,3.258145,0.2506266,0,85.71429,10.776942,0,0
2022-05-30 18:02:29,0,0,2.756892,0.5012531,0,83.70927,13.032581,0,0
2022-05-30 18:02:28,0,0,2.25,0.5,0,89.5,7.75,0,0
2022-05-30 18:02:27,0,0,2,0.25,0,91.25,6.5,0,0
2022-05-30 18:02:26,0,0,1.0025063,0,0,91.22807,7.769424,0,0
2022-05-30 18:02:25,0,0,1.0025063,0,0,90.72682,8.270677,0,0
2022-05-30 18:02:24,0,0,0.2487562,0,0,94.27861,5.472637,0,0
2022-05-30 18:02:23,0,0,0.9950249,0.4975124,0,91.54229,6.965174,0,0
2022-05-30 18:02:22,0,0,1.75,0.25,0,87.5,10.5,0,0
2022-05-30 18:02:21,0,0,2.005013,0.5012531,0,86.96742,10.526316,0,0
2022-05-30 18:02:20,0,0,2.743142,0.7481297,0,83.29177,13.216958,0,0
2022-05-30 18:02:19,0,0,4.25,0.75,0,82.75,12.25,0,0
2022-05-30 18:02:18,0,0,6.25,1.75,0,78,14,0,0
2022-05-30 18:02:17,0,0,5.263158,0.5012531,0,80.95238,13.283208,0,0
2022-05-30 18:02:16,0,0,4.522613,0.5025126,0,80.90452,14.070352,0,0
2022-05-30 18:02:15,0,0,1.4925373,0.4975124,0,87.31343,10.696517,0,0
2022-05-30 18:02:14,0,0,2.244389,0.2493766,0,90.02494,7.481297,0,0
2022-05-30 18:02:13,0,0,2,0.25,0,91.5,6.25,0,0
2022-05-30 18:02:12,0,0,1.25,0.25,0,91.5,7,0,0
2022-05-30 18:02:11,0,0,1.0075567,0,0,90.93199,8.060453,0,0
2022-05-30 18:02:10,0,0,1.745636,0,0,92.26933,5.985037,0,0
2022-05-30 18:02:09,0,0,1.0025063,0,0,90.97744,8.02005,0,0
2022-05-30 18:02:08,0,0,1.741294,0.4975124,0,86.56716,10.945274,0,0
2022-05-30 18:02:07,0,0,2.5,0.25,0,84.75,12.5,0,0
2022-05-30 18:02:06,0,0,2.75,0.5,0,87.25,9.5,0,0
2022-05-30 18:02:05,0,0,4.785894,1.0075567,0,83.6272,10.579345,0,0
2022-05-30 18:02:04,0,0,5.486284,1.2468828,0,82.79302,10.473815,0,0
2022-05-30 18:02:03,0,0,4.477612,0.4975124,0,82.33831,12.686567,0,0
2022-05-30 18:02:02,0,0,4,0.5,0,83,12.5,0,0
2022-05-30 18:02:01,0,0,3,0.5,0,85.75,10.75,0,0
2022-05-30 18:02:00,0,0,1.2594458,0.5037783,0,90.93199,7.304786,0,0
2022-05-30 18:01:59,0,0,1.736973,0.4962779,0,91.56328,6.203474,0,0
2022-05-30 18:01:58,0,0,1.4962594,0.4987531,0,91.02244,6.982544,0,0
2022-05-30 18:01:57,0,0,1.2531328,0,0,91.72932,7.017544,0,0
2022-05-30 18:01:56,0,0,1.2562814,0,0,92.46231,6.281407,0,0
2022-05-30 18:01:55,0,0,1.4888337,0.248139,0,90.32258,7.940447,0,0
2022-05-30 18:01:54,0,0,1.5075377,0.2512563,0,88.94472,9.296482,0,0
2022-05-30 18:01:53,0,0,2.506266,0,0,87.21805,10.275689,0,0
2022-05-30 18:01:52,0,0,2.992519,0.4987531,0,83.79052,12.718204,0,0
2022-05-30 18:01:51,0,0,2.75,1,0,86.75,9.5,0,0
2022-05-30 18:01:50,0,0,4.75,0.25,0,81,14,0,0
2022-05-30 18:01:49,0,0,5.486284,0.9975062,0,81.29676,12.219451,0,0
2022-05-30 18:01:48,0,0,5.5,1.25,0,80,13.25,0,0
2022-05-30 18:01:47,0,0,3.258145,0.7518797,0,83.70927,12.280702,0,0
2022-05-30 18:01:46,0,0,1.25,0,0,90.75,8,0,0
2022-05-30 18:01:45,0,0,1.4962594,0.2493766,0,90.27431,7.98005,0,0
2022-05-30 18:01:44,0,0,1,0,0,92.5,6.5,0,0
2022-05-30 18:01:43,0,0,1.0050251,0,0,92.71357,6.281407,0,0
2022-05-30 18:01:42,0,0,1.745636,0.2493766,0,88.52868,9.476309,0,0
2022-05-30 18:01:41,0,0,2,0,0,90.25,7.75,0,0
2022-05-30 18:01:40,0,0,1.745636,0.2493766,0,86.53367,11.471322,0,0
2022-05-30 18:01:39,0,0,1.0025063,0.2506266,0,87.96992,10.776942,0,0
2022-05-30 18:01:38,0,0,2.75,0.5,0,86.5,10,0,0
2022-05-30 18:01:37,0,0,3.508772,1.0025063,0,85.46366,10.025063,0,0
2022-05-30 18:01:36,0,0,4.987531,0.7481297,0,82.79302,11.471322,0,0
2022-05-30 18:01:35,0,0,5.735661,0.4987531,0,78.80299,14.962594,0,0
2022-05-30 18:01:34,0,0,4,0.75,0,82,13.25,0,0
2022-05-30 18:01:33,0,0,3.25,0.75,0,85.75,10.25,0,0
2022-05-30 18:01:32,0,0,1.75,0.25,0,87.25,10.5,0,0
2022-05-30 18:01:31,0,0,1.0050251,0.2512563,0,90.20101,8.542714,0,0
2022-05-30 18:01:30,0,0,1.2437811,0,0,90.29851,8.457711,0,0
2022-05-30 18:01:29,0,0,0.75,0,0,92.75,6.5,0,0
2022-05-30 18:01:28,0,0,1.5,0.25,0,91.25,7,0,0
2022-05-30 18:01:27,0,0,2,0.25,0,88.25,9.5,0,0
2022-05-30 18:01:26,0,0,2.261307,0.5025126,0,87.18593,10.050251,0,0
2022-05-30 18:01:25,0,0,1.2437811,0.2487562,0,87.56219,10.945274,0,0
2022-05-30 18:01:24,0,0,4,0.75,0,82,13.25,0,0
2022-05-30 18:01:23,0,0,2.756892,0.5012531,0,85.96491,10.776942,0,0
2022-05-30 18:01:22,0,0,4.239401,0.9975062,0,84.78803,9.975062,0,0
2022-05-30 18:01:21,0,0,3.759398,0.7518797,0,81.20301,14.285714,0,0
2022-05-30 18:01:20,0,0,4,0.25,0,84,11.75,0,0
2022-05-30 18:01:19,0,0,4.010025,0.2506266,0,84.96241,10.776942,0,0
2022-05-30 18:01:18,0,0,2.244389,0.2493766,0,87.2818,10.224439,0,0
2022-05-30 18:01:17,0,0,1.25,0.75,0,89.5,8.5,0,0
2022-05-30 18:01:16,0,0,1.745636,0.4987531,0,89.27681,8.478803,0,0
2022-05-30 18:01:15,0,0,1.511335,0,0,92.44332,6.04534,0,0
2022-05-30 18:01:14,0,0,2.487562,0.4975124,0,88.55721,8.457711,0,0
2022-05-30 18:01:13,0,0,2.5,0.5,0,86.75,10.25,0,0
2022-05-30 18:01:12,0,0,1.25,0.25,0,88,10.5,0,0
2022-05-30 18:01:11,0,0,0.75,0.25,0,90.5,8.5,0,0
2022-05-30 18:01:10,0,0,2.992519,0.2493766,0,85.28678,11.471322,0,0
2022-05-30 18:01:09,0,0,3.258145,1.0025063,0,84.71178,11.027569,0,0
2022-05-30 18:01:08,0,0,4.738155,0.7481297,0,83.04239,11.471322,0,0
2022-05-30 18:01:07,0,0,5.5,1.25,0,77.5,15.75,0,0
2022-05-30 18:01:06,0,0,3.75,0.75,0,82.75,12.75,0,0
2022-05-30 18:01:05,0,0,3.25,0.25,0,84.25,12.25,0,0
2022-05-30 18:01:04,0,0,2.01005,0.2512563,0,88.69347,9.045226,0,0
2022-05-30 18:01:03,0,0,2.238806,0.7462687,0,88.30846,8.706468,0,0
2022-05-30 18:01:02,0,0,2.25,0.25,0,87.5,10,0,0
2022-05-30 18:01:01,0,0,0.9975062,0.2493766,0,94.26434,4.488778,0,0
2022-05-30 18:01:00,0,0,1.2531328,0,0,91.4787,7.26817,0,0
2022-05-30 18:00:59,0,0,1.5,0.25,0,92,6.25,0,0
2022-05-30 18:00:58,0,0,1.25,0,0,89.25,9.5,0,0
2022-05-30 18:00:57,0,0,1,0,0,89,10,0,0
2022-05-30 18:00:56,0,0,0.75,0.5,0,85.25,13.25,0,0
2022-05-30 18:00:55,0,0,2.506266,0.5012531,0,87.96992,9.022556,0,0
2022-05-30 18:00:54,0,0,5.513784,0.7518797,0,81.95489,11.779449,0,0
2022-05-30 18:00:53,0,0,5.223881,0.9950249,0,77.61194,16.169154,0,0
2022-05-30 18:00:52,0,0,5.985037,0.4987531,0,80.54863,12.718204,0,0
2022-05-30 18:00:51,0,0,3.007519,0.5012531,0,84.46115,12.030075,0,0
2022-05-30 18:00:50,0,0,3,0.5,0,86,10.5,0,0
2022-05-30 18:00:49,0,0,2.25,0.75,0,88.25,8.75,0,0
2022-05-30 18:00:48,0,0,1.5,0.5,0,88,10,0,0
2022-05-30 18:00:47,0,0,0.7481297,0.2493766,0,94.01496,4.987531,0,0
2022-05-30 18:00:46,0,0,1.75,0.5,0,89,8.75,0,0
2022-05-30 18:00:45,0,0,0.7518797,0.2506266,0,91.22807,7.769424,0,0
2022-05-30 18:00:44,0,0,1.5,0.25,0,88.25,10,0,0
2022-05-30 18:00:43,0,0,1.2468828,0.2493766,0,90.27431,8.229426,0,0
2022-05-30 18:00:42,0,0,2.261307,0.7537688,0,84.67337,11.809045,0,0.2512563
2022-05-30 18:00:41,0,0,2.005013,0.2506266,0,89.22306,8.521303,0,0
2022-05-30 18:00:40,0,0,5.236908,0.7481297,0,82.54364,11.471322,0,0
2022-05-30 18:00:39,0,0,3.508772,0.5012531,0,84.71178,11.278195,0,0
2022-05-30 18:00:38,0,0,5.527638,1.5075377,0,80.40201,12.562814,0,0
2022-05-30 18:00:37,0,0,3.990025,1.2468828,0,84.53865,10.224439,0,0
2022-05-30 18:00:36,0,0,2.743142,0.2493766,0,85.53616,11.471322,0,0
2022-05-30 18:00:35,0,0,3,1,0,86.25,9.75,0,0
2022-05-30 18:00:34,0,0,1.995012,0.4987531,0,87.53117,9.975062,0,0
2022-05-30 18:00:33,0,0,1.25,0.25,0,92.25,6,0,0
2022-05-30 18:00:32,0,0,1.754386,0.2506266,0,87.46867,10.526316,0,0
2022-05-30 18:00:31,0,0,0.9975062,0,0,92.26933,6.733167,0,0
2022-05-30 18:00:30,0,0,1.0025063,0.2506266,0,91.22807,7.518797,0,0
2022-05-30 18:00:29,0,0,1.745636,0.2493766,0,89.02743,8.977556,0,0
2022-05-30 18:00:28,0,0,2.506266,0.5012531,0,85.96491,11.027569,0,0
2022-05-30 18:00:27,0,0,1.25,0,0,91,7.75,0,0
2022-05-30 18:00:26,0,0,3.258145,0.7518797,0,85.71429,10.275689,0,0
2022-05-30 18:00:25,0,0,5,0.75,0,81,13.25,0,0
2022-05-30 18:00:24,0,0,3.491272,0.7481297,0,85.53616,10.224439,0,0
2022-05-30 18:00:23,0,0,4.511278,0.5012531,0,81.70426,13.283208,0,0
2022-05-30 18:00:22,0,0,3.241895,0.7481297,0,84.53865,11.471322,0,0
2022-05-30 18:00:21,0,0,3.007519,0.5012531,0,87.7193,8.77193,0,0
2022-05-30 18:00:20,0,0,2.244389,0.4987531,0,88.77805,8.478803,0,0
2022-05-30 18:00:19,0,0,1.5,0,0,88.5,9.75,0,0
2022-05-30 18:00:18,0,0,2.506266,0.5012531,0,88.97243,8.02005,0,0
2022-05-30 18:00:17,0,0,1.2468828,0.4987531,0,90.77307,7.481297,0,0
2022-05-30 18:00:16,0,0,1.2468828,0.2493766,0,92.5187,5.985037,0,0
2022-05-30 18:00:15,0,0,1.5037594,0,0,88.22055,10.275689,0,0
2022-05-30 18:00:14,0,0,0.9975062,0.4987531,0,89.52618,8.977556,0,0
2022-05-30 18:00:13,0,0,1.758794,0.2512563,0,86.1809,11.809045,0,0
2022-05-30 18:00:12,0,0,3.007519,0.7518797,0,87.96992,8.270677,0,0
2022-05-30 18:00:11,0,0,3.482587,0.7462687,0,82.83582,12.935323,0,0
2022-05-30 18:00:10,0,0,6.265664,0.7518797,0,82.20551,10.776942,0,0
2022-05-30 18:00:09,0,0,5.25,0.5,0,81.5,12.75,0,0
2022-05-30 18:00:08,0,0,4.228856,0.9950249,0,83.08458,11.691542,0,0
2022-05-30 18:00:07,0,0,2.763819,0.2512563,0,87.18593,9.798995,0,0
2022-05-30 18:00:06,0,0,2.255639,0.2506266,0,88.47118,9.022556,0,0
2022-05-30 18:00:05,0,0,2.238806,0.7462687,0,91.04478,5.970149,0,0
2022-05-30 18:00:04,0,0,1.75,0,0,91.25,7,0,0
2022-05-30 18:00:03,0,0,0.7537688,0.2512563,0,92.96482,6.030151,0,0
2022-05-30 18:00:02,0,0,0.7462687,0,0,91.29353,7.960199,0,0
2022-05-30 18:00:01,0,0,0,0,0,91.45729,8.542714,0,0
2022-05-30 18:00:00,0,0,0.7462687,0.2487562,0,91.79104,7.21393,0,0
2022-05-30 17:59:59,0,0,1.5075377,0.2512563,0,87.9397,10.301508,0,0
2022-05-30 17:59:58,0,0,3.5,0.5,0,85.5,10.5,0,0
2022-05-30 17:59:57,0,0,4.228856,0.2487562,0,84.57711,10.945274,0,0
2022-05-30 17:59:56,0,0,6,0.75,0,78.25,15,0,0
2022-05-30 17:59:55,0,0,4.738155,0.7481297,0,79.30175,15.21197,0,0
2022-05-30 17:59:54,0,0,4.260652,0.7518797,0,83.9599,11.027569,0,0
2022-05-30 17:59:53,0,0,2.756892,1.0025063,0,87.46867,8.77193,0,0
2022-05-30 17:59:52,0,0,2.005013,0.2506266,0,87.46867,10.275689,0,0
2022-05-30 17:59:51,0,0,1.99005,0.4975124,0,90.54726,6.965174,0,0
2022-05-30 17:59:50,0,0,1.5037594,0.2506266,0,90.72682,7.518797,0,0
2022-05-30 17:59:49,0,0,1.4962594,0.2493766,0,91.02244,7.23192,0,0
2022-05-30 17:59:48,0,0,0.2506266,0.2506266,0,91.72932,7.769424,0,0
2022-05-30 17:59:47,0,0,0,0,0,92.76808,7.23192,0,0
2022-05-30 17:59:46,0,0,0.2506266,0,0,90.22556,9.52381,0,0
2022-05-30 17:59:45,0,0,1,0.25,0,90.25,8.5,0,0
2022-05-30 17:59:44,0,0,2.5,0.25,0,89.5,7.75,0,0
2022-05-30 17:59:43,0,0,5.985037,0.4987531,0,82.79302,10.723192,0,0
2022-05-30 17:59:42,0,0,5.276382,1.2562814,0,80.15075,13.316583,0,0
2022-05-30 17:59:41,0,0,4.477612,0.7462687,0,80.0995,14.179104,0,0
2022-05-30 17:59:40,0,0,3.25,0.25,0,86.75,9.5,0,0
2022-05-30 17:59:39,0,0,4.010025,0.5012531,0,87.7193,7.769424,0,0
2022-05-30 17:59:38,0,0,2.992519,0.4987531,0,87.03242,9.476309,0,0
2022-05-30 17:59:37,0,0,3.241895,0.4987531,0,87.78055,8.478803,0,0
2022-05-30 17:59:36,0,0,2.01005,0.2512563,0,89.44724,8.291457,0,0
2022-05-30 17:59:35,0,0,0.75,0,0,91.25,8,0,0
2022-05-30 17:59:34,0,0,0,0,0,92.5,7.5,0,0
2022-05-30 17:59:33,0,0,0.25,0.25,0,92,7.5,0,0
2022-05-30 17:59:32,0,0,0,0,0,90.22556,9.774436,0,0
2022-05-30 17:59:31,0,0,0.75,0.25,0,91,8,0,0
2022-05-30 17:59:30,0,0,2.75,0,0,86.5,10.75,0,0
2022-05-30 17:59:29,0,0,5.985037,1.4962594,0,81.04738,11.471322,0,0
2022-05-30 17:59:28,0,0,4.987531,0.9975062,0,81.79551,11.970075,0,0
2022-05-30 17:59:27,0,0,5.5,1,0,80.25,13.25,0,0
2022-05-30 17:59:26,0,0,4,0.25,0,81.75,13.5,0,0
2022-05-30 17:59:25,0,0,3.508772,0.2506266,0,87.96992,8.270677,0,0
2022-05-30 17:59:24,0,0,2.01005,0.5025126,0,89.19598,8.291457,0,0
2022-05-30 17:59:23,0,0,2.244389,0.2493766,0,89.77556,7.730673,0,0
2022-05-30 17:59:22,0,0,2.005013,0.2506266,0,91.4787,6.265664,0,0
2022-05-30 17:59:21,0,0,0.75,0.25,0,93,6,0,0
2022-05-30 17:59:20,0,0,0.7481297,0,0,91.27182,7.98005,0,0
2022-05-30 17:59:19,0,0,0,0,0,93.5,6.25,0,0
2022-05-30 17:59:18,0,0,0,0,0,91.5212,8.478803,0,0
2022-05-30 17:59:17,0,0,0.2512563,0,0,90.20101,9.045226,0,0
2022-05-30 17:59:16,0,0,2.992519,0.4987531,0,88.52868,7.98005,0,0
2022-05-30 17:59:15,0,0,5.985037,0.4987531,0,80.29925,13.216958,0,0
2022-05-30 17:59:14,0,0,5.764411,1.0025063,0,79.94987,13.283208,0,0
2022-05-30 17:59:13,0,0,6.015038,0.5012531,0,78.94737,14.536341,0,0
2022-05-30 17:59:12,0,0,5.25,0.5,0,82,12.25,0,0
2022-05-30 17:59:11,0,0,2.992519,0.4987531,0,88.02993,8.478803,0,0
2022-05-30 17:59:10,0,0,2.992519,0.7481297,0,90.02494,6.234414,0,0
2022-05-30 17:59:09,0,0,1.2594458,0.2518892,0,91.43577,7.052897,0,0
2022-05-30 17:59:08,0,0,1.0025063,0.2506266,0,91.4787,7.26817,0,0
2022-05-30 17:59:07,0,0,0.7444169,0.248139,0,92.55583,6.451613,0,0
2022-05-30 17:59:06,0,0,0.7518797,0.2506266,0,92.98246,6.015038,0,0
2022-05-30 17:59:05,0,0,0,0,0,94.47236,5.527638,0,0
2022-05-30 17:59:04,0,0,0.2487562,0.2487562,0,90.04975,9.452736,0,0
2022-05-30 17:59:03,0,0,0,0.2487562,0,88.55721,10.447761,0,0
2022-05-30 17:59:02,0,0,2.020202,0.2525253,0,87.87879,9.59596,0,0
2022-05-30 17:59:01,0,0,5.970149,0.9950249,0,80.34826,12.686567,0,0
2022-05-30 17:59:00,0,0,6.030151,1.0050251,0,81.65829,11.306533,0,0
2022-05-30 17:58:59,0,0,6.965174,1.2437811,0,79.60199,12.189055,0,0
2022-05-30 17:58:58,0,0,5.289673,0.5037783,0,78.84131,15.365239,0,0
2022-05-30 17:58:57,0,0,2.25,0.75,0,88.25,8.75,0,0
2022-05-30 17:58:56,0,0,2.244389,0.7481297,0,89.77556,7.23192,0,0
2022-05-30 17:58:55,0,0,1.25,0.5,0,91.75,6.5,0,0
2022-05-30 17:58:54,0,0,1,0,0,94.25,4.75,0,0
2022-05-30 17:58:53,0,0,0.9950249,0.2487562,0,93.53234,5.223881,0,0
2022-05-30 17:58:52,0,0,0.5037783,0,0,91.43577,8.060453,0,0
2022-05-30 17:58:51,0,0,0,0.2506266,0,94.23559,5.513784,0,0
2022-05-30 17:58:50,0,0,0.2475248,0,0,91.58416,8.168317,0,0
2022-05-30 17:58:49,0,0,0,0,0,89.27681,10.224439,0,0
2022-05-30 17:58:48,0,0,1.010101,0.2525253,0,86.11111,10.606061,0,0
2022-05-30 17:58:47,0,0,4.25,0.75,0,82,12.75,0,0
2022-05-30 17:58:46,0,0,6.947891,1.4888337,0,78.90819,12.655087,0,0
2022-05-30 17:58:45,0,0,7.808564,0.7556675,0,76.57431,14.861461,0,0
2022-05-30 17:58:44,0,0,4.975124,0.9950249,0,79.85075,14.179104,0,0
2022-05-30 17:58:43,0,0,3.759398,0.5012531,0,82.70677,13.032581,0,0
2022-05-30 17:58:42,0,0,2.25,0.5,0,89,8.25,0,0
2022-05-30 17:58:41,0,0,1,0,0,90.5,8.5,0,0
2022-05-30 17:58:40,0,0,0.9975062,0,0,93.51621,5.486284,0,0
2022-05-30 17:58:39,0,0,0.5012531,0.2506266,0,91.97995,7.26817,0,0
2022-05-30 17:58:38,0,0,0.2493766,0,0,93.26683,6.483791,0,0
2022-05-30 17:58:37,0,0,0,0,0,94.01496,5.985037,0,0
2022-05-30 17:58:36,0,0,0,0,0,92.96482,7.035176,0,0
2022-05-30 17:58:35,0,0,0,0,0,89.22306,10.776942,0,0
2022-05-30 17:58:34,0,0,1.745636,0.2493766,0,84.53865,12.468828,0,0
2022-05-30 17:58:33,0,0,4.260652,0.5012531,0,83.45865,11.779449,0,0
2022-05-30 17:58:32,0,0,5.223881,0.7462687,0,82.08955,11.940299,0,0
2022-05-30 17:58:31,0,0,8.25,1.75,0,74.5,15.25,0,0
2022-05-30 17:58:30,0,0,5.75,1,0,81,12.25,0,0
2022-05-30 17:58:29,0,0,3.282828,0.5050505,0,86.36364,9.848485,0,0
2022-05-30 17:58:28,0,0,2.238806,0.7462687,0,87.31343,9.701493,0,0
2022-05-30 17:58:27,0,0,1.4888337,0.248139,0,91.31514,6.699752,0,0
2022-05-30 17:58:26,0,0,1.2562814,0,0,92.21106,6.532663,0,0
2022-05-30 17:58:25,0,0,0.7518797,0,0,93.23308,6.015038,0,0
2022-05-30 17:58:24,0,0,0.2512563,0,0,93.46734,6.281407,0,0
2022-05-30 17:58:23,0,0,0,0,0,92.80397,7.19603,0,0
2022-05-30 17:58:22,0,0,0,0,0,92.76808,7.23192,0,0
2022-05-30 17:58:21,0,0,0,0,0,91.93955,7.556675,0,0
2022-05-30 17:58:20,0,0,0.7518797,0.2506266,0,85.46366,12.280702,0,0
2022-05-30 17:58:19,0,0,5,1.25,0,79.75,13.25,0,0
2022-05-30 17:58:18,0,0,6.75,1,0,81.75,10.5,0,0
2022-05-30 17:58:17,0,0,8,0.75,0,76.75,14.5,0,0
2022-05-30 17:58:16,0,0,5.721393,0.7462687,0,80.84577,12.686567,0,0
2022-05-30 17:58:15,0,0,4.020101,0.5025126,0,81.40704,14.070352,0,0
2022-05-30 17:58:14,0,0,2.5,0.5,0,88.25,8.75,0,0
2022-05-30 17:58:13,0,0,0.9950249,0.2487562,0,92.0398,6.716418,0,0
2022-05-30 17:58:12,0,0,1,0.25,0,92.75,6,0,0
2022-05-30 17:58:11,0,0,0,0,0,93.96985,6.030151,0,0
2022-05-30 17:58:10,0,0,1.2437811,0,0,94.52736,4.228856,0,0
2022-05-30 17:58:09,0,0,0,0,0,93.5,6.5,0,0
2022-05-30 17:58:08,0,0,0,0,0,92.25,7.75,0,0
2022-05-30 17:58:07,0,0,0,0,0,91.4787,8.270677,0,0
2022-05-30 17:58:06,0,0,0.2531646,0.2531646,0,85.06329,11.64557,0,0
2022-05-30 17:58:05,0,0,3.508772,0.5012531,0,83.20802,12.531328,0,0
2022-05-30 17:58:04,0,0,8.25,1.5,0,76,14.25,0,0
2022-05-30 17:58:03,0,0,7.017544,1.0025063,0,78.44612,13.533835,0,0
2022-05-30 17:58:02,0,0,6.516291,1.754386,0,80.95238,10.776942,0,0
2022-05-30 17:58:01,0,0,4.738155,0.7481297,0,79.30175,15.21197,0,0
2022-05-30 17:58:00,0,0,3.241895,0.4987531,0,87.2818,8.977556,0,0
2022-05-30 17:57:59,0,0,1.5075377,0.5025126,0,89.69849,8.291457,0,0
2022-05-30 17:57:58,0,0,0.4987531,0,0,93.01746,6.483791,0,0
2022-05-30 17:57:57,0,0,0,0.2493766,0,95.01247,4.738155,0,0
2022-05-30 17:57:56,0,0,0,0,0,92.4812,7.518797,0,0
2022-05-30 17:57:55,0,0,0,0,0,95.21411,4.785894,0,0
2022-05-30 17:57:54,0,0,0.248139,0,0,94.04467,5.707196,0,0
2022-05-30 17:57:53,0,0,0,0,0,91.20603,8.542714,0,0
2022-05-30 17:57:52,0,0,0.2475248,0,0,87.87129,10.148515,0,0.2475248
2022-05-30 17:57:51,0,0,0.5025126,1.0050251,0,74.87437,13.567839,0,0
2022-05-30 17:57:50,0,0,5.037783,0.7556675,0,71.28463,8.816121,0,12.594458
2022-05-30 17:57:49,0,0,7.808564,1.2594458,0,65.99496,14.861461,0,8.060453
2022-05-30 17:57:48,0,0,8.72818,1.2468828,0,75.06234,14.962594,0,0
2022-05-30 17:57:47,0,0,6.265664,0.7518797,0,82.20551,10.776942,0,0
2022-05-30 17:57:46,0,0,2.992519,0.4987531,0,80.29925,15.9601,0,0
2022-05-30 17:57:45,0,0,0.5,0,0,91,8.5,0,0
2022-05-30 17:57:44,0,0,0,0,0,96.5,3.5,0,0
2022-05-30 17:57:43,0,0,0,0,0,95.75,4.25,0,0
2022-05-30 17:57:42,0,0,0,0.25,0,95.5,4.25,0,0
2022-05-30 17:57:41,0,0,0.2493766,0,0,93.26683,6.483791,0,0
2022-05-30 17:57:40,0,0,0,0,0,94.23559,5.764411,0,0
2022-05-30 17:57:39,0,0,0,0,0,93.5,6.5,0,0
2022-05-30 17:57:38,0,0,0,0,0,92,8,0,0
2022-05-30 17:57:37,0,0,0,0.2506266,0,41.35338,9.52381,0,0
2022-05-30 17:57:36,0,0,0.2518892,1.0075567,0,58.94207,8.816121,0,0
2022-05-30 17:57:35,0,0,2.261307,1.0050251,0,62.0603,4.271357,0,24.87437
2022-05-30 17:57:34,0,0,5.707196,1.736973,0,62.03474,11.91067,0,14.640199
2022-05-30 17:57:33,0,0,8.5,0.75,0,75.5,15.25,0,0
2022-05-30 17:57:32,0,0,6.75,1.5,0,79.5,12.25,0,0
2022-05-30 17:57:31,0,0,4.488778,0.4987531,0,77.55611,16.95761,0,0
2022-05-30 17:57:30,0,0,0.25,0,0,89.5,10,0,0
2022-05-30 17:57:29,0,0,0.75,0,0,93.5,5.75,0,0
2022-05-30 17:57:28,0,0,0.75,0.25,0,95,4,0,0
2022-05-30 17:57:27,0,0,1.0025063,0,0,95.48872,3.508772,0,0
2022-05-30 17:57:26,0,0,1.2562814,0,0,92.21106,6.281407,0,0
2022-05-30 17:57:25,0,0,1.4925373,0.2487562,0,90.04975,7.462687,0,0.2487562
2022-05-30 17:57:24,0,0,0.75,0,0,94,5.25,0,0
2022-05-30 17:57:23,0,0,1.5037594,0.2506266,0,88.47118,9.774436,0,0
2022-05-30 17:57:22,0,0,4.303797,0.5063291,0,68.86076,10.886076,0,8.101266
2022-05-30 17:57:21,0,0,1.4925373,0.2487562,0,23.38308,8.457711,0,6.467662
2022-05-30 17:57:20,0,0,0.2512563,0,0,0,0,0,0
2022-05-30 17:57:19,0,0,0,0.25,0,0.25,0.25,0,0
2022-05-30 17:57:18,0,0,0,0,0,0,0.2512563,0,0
2022-05-30 17:57:17,0,0,0,0,0,0,0,0,0
2022-05-30 17:57:16,0,0,0,0,0,0,0,0,0
2022-05-30 17:57:15,0,0,0,0,0,0.2506266,0.2506266,0,0
2022-05-30 17:57:14,0,0,0,0,0,0.2506266,0.2506266,0,0
2022-05-30 17:57:13,0,0,0,0,0,0,0.2512563,0,0
2022-05-30 17:57:12,0,0,0,0,0,0.2512563,0.5025126,0,0
2022-05-30 17:57:11,0,0,0,0,0,0,0.2506266,0,0
2022-05-30 17:57:10,0,0,0,0,0,0.2512563,0,0,0
2022-05-30 17:57:09,0,0,0,0.2506266,0,0.2506266,0.2506266,0,0
