time,free,used,cached,buffers
2022-05-31 11:02:33,171.3398,354.7969,15476.332,6.707031
2022-05-31 11:02:32,171.3398,354.7969,15476.332,6.707031
2022-05-31 11:02:31,171.4102,354.8906,15476.168,6.707031
2022-05-31 11:02:30,172.5664,354.6758,15475.227,6.707031
2022-05-31 11:02:29,184.9688,355.6016,15461.926,6.679688
2022-05-31 11:02:28,175.5977,357.5547,15469.344,6.679688
2022-05-31 11:02:27,184.4102,357.625,15460.461,6.679688
2022-05-31 11:02:26,176.3203,355.9219,15470.254,6.679688
2022-05-31 11:02:25,169.5664,356.5508,15476.379,6.679688
2022-05-31 11:02:24,189.4688,355.9609,15457.082,6.664062
2022-05-31 11:02:23,183.8711,356.0742,15462.566,6.664062
2022-05-31 11:02:22,188.8086,356.1172,15457.586,6.664062
2022-05-31 11:02:21,180.9766,357.4492,15464.086,6.664062
2022-05-31 11:02:20,175.6914,357.4766,15469.344,6.664062
2022-05-31 11:02:19,180.8242,356.8555,15464.84,6.65625
2022-05-31 11:02:18,175.3945,356.2695,15470.863,6.648438
2022-05-31 11:02:17,169.8242,355.8867,15476.824,6.640625
2022-05-31 11:02:16,187.8828,357.1055,15457.547,6.640625
2022-05-31 11:02:15,182.4102,356.7617,15463.363,6.640625
2022-05-31 11:02:14,176.0859,357.2305,15469.219,6.640625
2022-05-31 11:02:13,180.7461,357.2031,15464.594,6.632812
2022-05-31 11:02:12,174.7695,357.2539,15470.527,6.625
2022-05-31 11:02:11,195.3438,356.582,15450.625,6.625
2022-05-31 11:02:10,174.9648,356.4062,15471.18,6.625
2022-05-31 11:02:09,169.2617,355.9219,15477.367,6.625
2022-05-31 11:02:08,186.5508,358.2695,15457.738,6.617188
2022-05-31 11:02:07,181.6133,357.1758,15463.777,6.609375
2022-05-31 11:02:06,175.7227,357.4336,15469.41,6.609375
2022-05-31 11:02:05,194.582,357.9414,15450.043,6.609375
2022-05-31 11:02:04,188.8906,357.9375,15455.738,6.609375
2022-05-31 11:02:03,169.6602,356.2188,15476.695,6.601562
2022-05-31 11:02:02,189.0781,355.9844,15457.512,6.601562
2022-05-31 11:02:01,183.0391,356.1992,15463.344,6.59375
2022-05-31 11:02:00,175.3789,357.8906,15469.316,6.589844
2022-05-31 11:01:59,180.8438,357.7305,15464.012,6.589844
2022-05-31 11:01:58,176.0898,356.3242,15470.172,6.589844
2022-05-31 11:01:57,170.2891,356.125,15476.18,6.582031
2022-05-31 11:01:56,189.1172,356.6641,15456.82,6.574219
2022-05-31 11:01:55,183.3945,356.5469,15462.66,6.574219
2022-05-31 11:01:54,183.4727,357.6797,15461.449,6.574219
2022-05-31 11:01:53,171.6602,356.2188,15474.723,6.574219
2022-05-31 11:01:52,190.0547,357.3633,15455.191,6.566406
2022-05-31 11:01:51,184.1836,357.4727,15460.961,6.558594
2022-05-31 11:01:50,165.46484,355.5039,15481.648,6.558594
2022-05-31 11:01:49,183.4453,357.1641,15462.008,6.558594
2022-05-31 11:01:48,177.2148,357.3711,15468.031,6.558594
2022-05-31 11:01:47,182.2773,357.2031,15463.145,6.550781
2022-05-31 11:01:46,178.3086,355.5977,15468.727,6.542969
2022-05-31 11:01:45,172.75,358.4492,15471.434,6.542969
2022-05-31 11:01:44,193.793,357.0664,15451.773,6.542969
2022-05-31 11:01:43,150.65625,358.1016,15493.875,6.542969
2022-05-31 11:01:42,164.21094,355.9609,15482.469,6.535156
2022-05-31 11:01:41,147.625,356.3945,15498.637,6.519531
2022-05-31 11:01:40,149.99219,354.6367,15498.027,6.519531
2022-05-31 11:01:39,153.62109,355.4844,15493.551,6.519531
2022-05-31 11:01:38,157.31641,357.0234,15488.316,6.519531
2022-05-31 11:01:37,150.09766,357.5391,15495.035,6.503906
2022-05-31 11:01:36,147.29297,358.0508,15497.328,6.503906
2022-05-31 11:01:35,153.53125,356.1445,15492.996,6.503906
2022-05-31 11:01:34,157.87109,356.5703,15488.23,6.503906
2022-05-31 11:01:33,151.67188,356.6406,15494.359,6.503906
2022-05-31 11:01:32,152.48438,356.5938,15493.594,6.503906
2022-05-31 11:01:31,151.10156,355.5859,15496,6.488281
2022-05-31 11:01:30,155.07031,356.3594,15491.258,6.488281
2022-05-31 11:01:29,158.17578,357.8555,15486.656,6.488281
2022-05-31 11:01:28,157.66797,355.6758,15489.344,6.488281
2022-05-31 11:01:27,150.54297,357.2109,15494.934,6.488281
2022-05-31 11:01:26,189.1914,356.5781,15456.926,6.480469
2022-05-31 11:01:25,182.5,356.918,15463.285,6.472656
2022-05-31 11:01:24,178.043,355.668,15468.992,6.472656
2022-05-31 11:01:23,181.7969,356.8828,15464.023,6.472656
2022-05-31 11:01:22,177.2734,355.4062,15470.023,6.472656
2022-05-31 11:01:21,171.0898,355.7852,15475.836,6.464844
2022-05-31 11:01:20,191.0703,355.6445,15455.996,6.464844
2022-05-31 11:01:19,169.9961,355.4609,15477.254,6.464844
2022-05-31 11:01:18,188.3438,356.293,15458.082,6.457031
2022-05-31 11:01:17,182.9297,356.0781,15463.711,6.457031
2022-05-31 11:01:16,177.582,355.6836,15469.453,6.457031
2022-05-31 11:01:15,181.6523,356.2266,15464.848,6.449219
2022-05-31 11:01:14,176.9336,355.0117,15470.781,6.449219
2022-05-31 11:01:13,170.9961,354.7656,15476.965,6.449219
2022-05-31 11:01:12,188.4688,356.8477,15457.418,6.441406
2022-05-31 11:01:11,185.4766,354.5352,15462.723,6.441406
2022-05-31 11:01:10,178.1328,355.3359,15469.266,6.441406
2022-05-31 11:01:09,181.9492,356.6055,15464.188,6.433594
2022-05-31 11:01:08,176.2578,356.6094,15469.875,6.433594
2022-05-31 11:01:07,184.5625,356.6133,15461.566,6.433594
2022-05-31 11:01:06,164.84375,355.9062,15482,6.425781
2022-05-31 11:01:05,184.75,355.4609,15462.539,6.425781
2022-05-31 11:01:04,179.5469,355,15468.211,6.417969
2022-05-31 11:01:03,173.707,354.7734,15474.277,6.417969
2022-05-31 11:01:02,177.3086,356.1289,15469.32,6.417969
2022-05-31 11:01:01,172.5234,354.7578,15475.477,6.417969
2022-05-31 11:01:00,190.9961,355.7773,15455.992,6.410156
2022-05-31 11:00:59,185.9531,355.2109,15461.602,6.410156
2022-05-31 11:00:58,179.4336,355.7227,15467.617,6.402344
2022-05-31 11:00:57,183.3867,356.6445,15462.742,6.402344
2022-05-31 11:00:56,178.2031,355.7305,15468.84,6.402344
2022-05-31 11:00:55,173.3398,354.3984,15475.035,6.402344
2022-05-31 11:00:54,178.1367,356.1992,15468.438,6.402344
2022-05-31 11:00:53,184.7617,356.3867,15461.633,6.394531
2022-05-31 11:00:52,179.7031,355.4883,15467.598,6.386719
2022-05-31 11:00:51,184.5586,355.2578,15462.973,6.386719
2022-05-31 11:00:50,178.9023,355.707,15468.18,6.386719
2022-05-31 11:00:49,171.8594,356.2109,15474.719,6.386719
2022-05-31 11:00:48,193.1641,355.5195,15454.105,6.386719
2022-05-31 11:00:47,186.7188,354.9922,15461.094,6.371094
2022-05-31 11:00:46,162.10938,355.2031,15485.492,6.371094
2022-05-31 11:00:45,187.4414,356.7188,15458.645,6.371094
2022-05-31 11:00:44,168.9688,354.5586,15479.277,6.371094
2022-05-31 11:00:43,187.9023,355.1562,15459.746,6.371094
2022-05-31 11:00:42,182.3828,355.043,15465.379,6.371094
2022-05-31 11:00:41,185.1367,357.2461,15460.43,6.363281
2022-05-31 11:00:40,179.9688,356.2266,15466.625,6.355469
2022-05-31 11:00:39,175.2461,355.2812,15472.293,6.355469
2022-05-31 11:00:38,194.0391,355.5117,15453.27,6.355469
2022-05-31 11:00:37,172.7852,356.5977,15473.438,6.355469
2022-05-31 11:00:36,191.8711,356.875,15454.082,6.347656
2022-05-31 11:00:35,182.168,360.5195,15460.141,6.347656
2022-05-31 11:00:34,177.3828,359.125,15466.328,6.339844
2022-05-31 11:00:33,196.3945,359.8984,15446.543,6.339844
2022-05-31 11:00:32,175.9844,359.832,15467.02,6.339844
2022-05-31 11:00:31,171.5234,358.5117,15472.809,6.332031
2022-05-31 11:00:30,189.2109,360.3398,15453.293,6.332031
2022-05-31 11:00:29,183.9492,359.8086,15459.086,6.332031
2022-05-31 11:00:28,188.9414,359.1562,15454.754,6.324219
2022-05-31 11:00:27,183.8008,358.5469,15460.504,6.324219
2022-05-31 11:00:26,176.9648,360.0625,15465.824,6.324219
2022-05-31 11:00:25,183.3047,358.5938,15460.961,6.316406
2022-05-31 11:00:24,150.64453,355.4648,15496.75,6.316406
2022-05-31 11:00:23,150.26562,356.3477,15496.246,6.316406
2022-05-31 11:00:22,151.59375,356.457,15494.809,6.316406
2022-05-31 11:00:21,155.11328,357.3477,15490.406,6.308594
2022-05-31 11:00:20,150.67188,355.7031,15496.5,6.300781
2022-05-31 11:00:19,151.58203,356.0156,15495.277,6.300781
2022-05-31 11:00:18,150.87109,357.8359,15494.168,6.300781
2022-05-31 11:00:17,153.66797,356.0586,15493.148,6.300781
2022-05-31 11:00:16,151.17969,355.6953,15496.008,6.292969
2022-05-31 11:00:15,155.77734,355.7266,15491.387,6.285156
2022-05-31 11:00:14,151.19141,357.5391,15494.16,6.285156
2022-05-31 11:00:13,150.42188,355.5508,15496.918,6.285156
2022-05-31 11:00:12,154.74609,356.2266,15491.918,6.285156
2022-05-31 11:00:11,148.89844,355.793,15498.207,6.277344
2022-05-31 11:00:10,150.16406,355.6445,15497.098,6.269531
2022-05-31 11:00:09,157.01562,357.7656,15488.125,6.269531
2022-05-31 11:00:08,166.59766,356.4453,15479.863,6.269531
2022-05-31 11:00:07,185.6055,356.9336,15460.367,6.269531
2022-05-31 11:00:06,179.9023,356.8516,15466.152,6.269531
2022-05-31 11:00:05,172.7305,357.5039,15472.688,6.253906
2022-05-31 11:00:04,160.92578,356.6836,15485.312,6.253906
2022-05-31 11:00:03,180.7969,356.8789,15465.246,6.253906
2022-05-31 11:00:02,184.2656,358.3359,15460.32,6.253906
2022-05-31 11:00:01,179.1484,356.8984,15466.875,6.253906
2022-05-31 11:00:00,172.8359,357.3516,15472.734,6.253906
2022-05-31 10:59:59,177.3789,357.3203,15468.23,6.246094
2022-05-31 10:59:58,171.8672,357.3125,15473.758,6.238281
2022-05-31 10:59:57,190.457,358.2617,15454.219,6.238281
2022-05-31 10:59:56,186.1602,356.543,15460.234,6.238281
2022-05-31 10:59:55,180.2891,356.4531,15466.195,6.238281
2022-05-31 10:59:54,184.7773,356.9922,15461.176,6.230469
2022-05-31 10:59:53,177.457,358.1172,15467.379,6.222656
2022-05-31 10:59:52,182.5039,357.8906,15462.559,6.222656
2022-05-31 10:59:51,178.4883,356.0703,15468.395,6.222656
2022-05-31 10:59:50,172.2266,356.4453,15474.281,6.222656
2022-05-31 10:59:49,192.207,356.0117,15454.742,6.214844
2022-05-31 10:59:48,171.5039,356.207,15475.258,6.207031
2022-05-31 10:59:47,189.3164,358.1289,15455.523,6.207031
2022-05-31 10:59:46,185.6133,355.9414,15461.414,6.207031
2022-05-31 10:59:45,178.8594,356.5234,15467.586,6.207031
2022-05-31 10:59:44,183.6719,356.8047,15462.5,6.199219
2022-05-31 10:59:43,176.3984,358.2188,15468.359,6.199219
2022-05-31 10:59:42,181.6562,357.5547,15463.773,6.191406
2022-05-31 10:59:41,176.5781,356.3203,15470.086,6.191406
2022-05-31 10:59:40,169.1953,357.875,15475.914,6.191406
2022-05-31 10:59:39,189.5156,357.1719,15456.305,6.183594
2022-05-31 10:59:38,184.2812,356.6836,15462.027,6.183594
2022-05-31 10:59:37,178.9805,356.9492,15467.078,6.167969
2022-05-31 10:59:36,183.2227,357.1133,15462.672,6.167969
2022-05-31 10:59:35,178.2148,356.6523,15468.148,6.160156
2022-05-31 10:59:34,171.7539,357.2695,15473.992,6.160156
2022-05-31 10:59:33,191.4727,357.0312,15454.52,6.152344
2022-05-31 10:59:32,185.4609,357.2383,15460.324,6.152344
2022-05-31 10:59:31,180.6445,355.5898,15466.789,6.152344
2022-05-31 10:59:30,184.5234,357.1289,15461.371,6.152344
2022-05-31 10:59:29,177.9844,357.5742,15467.473,6.144531
2022-05-31 10:59:28,172.8203,356.9219,15473.297,6.136719
2022-05-31 10:59:27,193.168,359.8984,15449.973,6.136719
2022-05-31 10:59:26,188.0586,358.9609,15456.02,6.136719
2022-05-31 10:59:25,182.3086,358.6289,15462.102,6.136719
2022-05-31 10:59:24,186.6445,359.7305,15456.672,6.128906
2022-05-31 10:59:23,180.2734,359.8984,15462.883,6.121094
2022-05-31 10:59:22,185.9688,359.4453,15457.641,6.121094
2022-05-31 10:59:21,180.6016,358.9844,15463.469,6.121094
2022-05-31 10:59:20,173.9844,359.3164,15469.754,6.121094
2022-05-31 10:59:19,194.3672,358.8359,15449.859,6.113281
2022-05-31 10:59:18,173.0195,359.918,15470.133,6.105469
2022-05-31 10:59:17,193.168,359.0859,15450.816,6.105469
2022-05-31 10:59:16,188.5664,357.5312,15456.973,6.105469
2022-05-31 10:59:15,182.832,358.2031,15462.035,6.105469
2022-05-31 10:59:14,186.0039,359.2578,15457.809,6.105469
2022-05-31 10:59:13,180.4531,358.957,15463.668,6.097656
2022-05-31 10:59:12,184.9141,359.0508,15459.121,6.089844
2022-05-31 10:59:11,180.0234,358.1211,15464.941,6.089844
2022-05-31 10:59:10,173.918,358.4062,15470.762,6.089844
2022-05-31 10:59:09,192.2852,359.8125,15450.988,6.089844
2022-05-31 10:59:08,173.1875,358.2734,15471.633,6.082031
2022-05-31 10:59:07,192.8359,358.5,15451.766,6.074219
2022-05-31 10:59:06,196.8984,355.5938,15450.609,6.074219
2022-05-31 10:59:05,156.78906,355.6719,15490.641,6.074219
2022-05-31 10:59:04,150.76172,355.6914,15496.648,6.074219
2022-05-31 10:59:03,155.16016,356.0703,15491.883,6.0625
2022-05-31 10:59:02,149.25391,355.6836,15498.184,6.054688
2022-05-31 10:59:01,149.28516,356.6289,15497.207,6.054688
2022-05-31 10:59:00,153.82422,357.0312,15492.266,6.054688
2022-05-31 10:58:59,151.85156,356.0273,15495.242,6.054688
2022-05-31 10:58:58,149.80469,355.4258,15497.898,6.046875
2022-05-31 10:58:57,151.91406,354.5547,15496.668,6.039062
2022-05-31 10:58:56,152.40625,354.8984,15495.832,6.039062
2022-05-31 10:58:55,149.11719,355.8672,15498.152,6.039062
2022-05-31 10:58:54,152.28516,357.5859,15493.266,6.039062
2022-05-31 10:58:53,157.00781,357.4727,15488.656,6.039062
2022-05-31 10:58:52,151.60938,356.4336,15495.109,6.023438
2022-05-31 10:58:51,151.27734,354.5742,15497.301,6.023438
2022-05-31 10:58:50,174.707,358.668,15469.777,6.023438
2022-05-31 10:58:49,193.4727,359.125,15450.555,6.023438
2022-05-31 10:58:48,188.5078,358.4062,15456.238,6.023438
2022-05-31 10:58:47,180.9688,359.7266,15462.465,6.015625
2022-05-31 10:58:46,186.8594,358.7344,15457.574,6.007812
2022-05-31 10:58:45,181.4453,357.8633,15463.859,6.007812
2022-05-31 10:58:44,185.7188,358.8633,15458.586,6.007812
2022-05-31 10:58:43,180.6719,357.8984,15464.598,6.007812
2022-05-31 10:58:42,174.7734,357.8477,15470.555,6
2022-05-31 10:58:41,193.7148,358.7422,15450.727,5.992188
2022-05-31 10:58:40,188.6719,357.7773,15456.734,5.992188
2022-05-31 10:58:39,168.6016,357.5391,15477.043,5.992188
2022-05-31 10:58:38,188.3477,357.3125,15457.523,5.992188
2022-05-31 10:58:37,182.3633,357.2148,15463.613,5.984375
2022-05-31 10:58:36,186.7344,357.9922,15458.473,5.976562
2022-05-31 10:58:35,180.75,357.8359,15464.613,5.976562
2022-05-31 10:58:34,173.7695,359.2617,15470.168,5.976562
2022-05-31 10:58:33,179.3828,358.5195,15465.297,5.976562
2022-05-31 10:58:32,183.582,359.4453,15460.18,5.96875
2022-05-31 10:58:31,188.4258,359.5195,15455.27,5.960938
2022-05-31 10:58:30,184.3516,357.8125,15461.051,5.960938
2022-05-31 10:58:29,178.6016,358.168,15466.445,5.960938
2022-05-31 10:58:28,181.8906,359.4141,15461.91,5.960938
2022-05-31 10:58:27,177.5859,358.0547,15467.574,5.960938
2022-05-31 10:58:26,196.4609,359.1602,15447.602,5.953125
2022-05-31 10:58:25,191.3398,358.3555,15453.535,5.945312
2022-05-31 10:58:24,170.1719,358.7539,15474.305,5.945312
2022-05-31 10:58:23,189.1211,359.2461,15454.863,5.945312
2022-05-31 10:58:22,184.4414,357.9141,15460.875,5.945312
2022-05-31 10:58:21,187.5312,359.3477,15456.359,5.9375
2022-05-31 10:58:20,182.6758,358.4102,15462.16,5.929688
2022-05-31 10:58:19,176.9688,358.4062,15467.871,5.929688
2022-05-31 10:58:18,196.8555,358.0234,15448.367,5.929688
2022-05-31 10:58:17,176.8711,357.5039,15468.871,5.929688
2022-05-31 10:58:16,168.9844,359.3867,15474.883,5.921875
2022-05-31 10:58:15,188.9336,359.2539,15455.074,5.914062
2022-05-31 10:58:14,183.1758,358.6484,15461.438,5.914062
2022-05-31 10:58:13,188.7461,358.2148,15456.301,5.914062
2022-05-31 10:58:12,183.582,357.9297,15461.75,5.914062
2022-05-31 10:58:11,176.1836,359.293,15467.793,5.90625
2022-05-31 10:58:10,182.6758,358.0469,15462.555,5.898438
2022-05-31 10:58:09,177.1875,358.0977,15467.992,5.898438
2022-05-31 10:58:08,195.8594,358.6758,15448.742,5.898438
2022-05-31 10:58:07,190.7539,357.9453,15454.578,5.898438
2022-05-31 10:58:06,169.7773,358.0312,15475.469,5.898438
2022-05-31 10:58:05,188.4609,359.1836,15455.641,5.890625
2022-05-31 10:58:04,182.2773,359.1992,15461.816,5.882812
2022-05-31 10:58:03,188.1016,358.4531,15456.738,5.882812
2022-05-31 10:58:02,182.0742,358.6445,15462.574,5.882812
2022-05-31 10:58:01,177.1523,357.6641,15468.477,5.882812
2022-05-31 10:58:00,181.4102,357.7695,15464.121,5.875
2022-05-31 10:57:59,175.6602,357.9688,15469.68,5.867188
2022-05-31 10:57:58,190.7344,358.8242,15453.75,5.867188
2022-05-31 10:57:57,185.875,358.0859,15459.348,5.867188
2022-05-31 10:57:56,178.5078,359.5664,15465.234,5.867188
2022-05-31 10:57:55,183.9688,359.0703,15460.277,5.859375
2022-05-31 10:57:54,178.3359,358.3672,15466.625,5.847656
2022-05-31 10:57:53,196.625,359.9258,15446.777,5.847656
2022-05-31 10:57:52,176.8438,358.9375,15467.547,5.847656
2022-05-31 10:57:51,172.1992,357.6836,15473.445,5.847656
2022-05-31 10:57:50,190.4688,358.8242,15454.043,5.839844
2022-05-31 10:57:49,172.5156,356.0039,15474.824,5.832031
2022-05-31 10:57:48,200.7891,354.7383,15447.816,5.832031
2022-05-31 10:57:47,191.5156,354.793,15457.035,5.832031
2022-05-31 10:57:46,149.30469,356.75,15497.289,5.832031
2022-05-31 10:57:45,153.45312,357.7578,15492.141,5.824219
2022-05-31 10:57:44,151.60938,356.7773,15494.965,5.824219
2022-05-31 10:57:43,155.64062,357.4805,15490.238,5.816406
2022-05-31 10:57:42,150.09766,356.457,15496.805,5.816406
2022-05-31 10:57:41,155.375,355.9219,15492.062,5.816406
2022-05-31 10:57:40,149.47266,355.3203,15498.566,5.816406
2022-05-31 10:57:39,155.98828,357.1523,15490.227,5.808594
2022-05-31 10:57:38,149.31641,357.7148,15496.348,5.796875
2022-05-31 10:57:37,154.96094,356.832,15491.586,5.796875
2022-05-31 10:57:36,149.33203,356.5469,15497.5,5.796875
2022-05-31 10:57:35,150.51562,356.0977,15496.766,5.796875
2022-05-31 10:57:34,150.55078,357.3047,15495.531,5.789062
2022-05-31 10:57:33,149.30469,356.2891,15497.805,5.777344
2022-05-31 10:57:32,155.73047,354.9922,15492.676,5.777344
2022-05-31 10:57:31,186.3203,358.6758,15458.402,5.777344
2022-05-31 10:57:30,180.5977,358.1875,15464.613,5.777344
2022-05-31 10:57:29,185.9219,358.1172,15459.367,5.769531
2022-05-31 10:57:28,180,358.0469,15465.367,5.761719
2022-05-31 10:57:27,184.1367,359.1523,15460.125,5.761719
2022-05-31 10:57:26,179.0938,358.3125,15466.008,5.761719
2022-05-31 10:57:25,172.5039,359.0273,15471.883,5.761719
2022-05-31 10:57:24,192.1719,359.1289,15452.121,5.753906
2022-05-31 10:57:23,185.9414,359.6484,15457.832,5.753906
2022-05-31 10:57:22,190.1836,360.2969,15452.949,5.746094
2022-05-31 10:57:21,184.6992,360.0156,15458.715,5.746094
2022-05-31 10:57:20,179.3086,359.3164,15464.805,5.746094
2022-05-31 10:57:19,185.0586,358.9414,15459.453,5.722656
2022-05-31 10:57:18,178.3359,359.8281,15465.297,5.714844
2022-05-31 10:57:17,197.5781,359.9414,15445.949,5.707031
2022-05-31 10:57:16,177.6016,359.9883,15465.879,5.707031
2022-05-31 10:57:15,173.2969,358.4492,15471.723,5.707031
2022-05-31 10:57:14,191.8477,359.6328,15451.988,5.707031
2022-05-31 10:57:13,187.5,357.8594,15458.117,5.699219
2022-05-31 10:57:12,190.5352,359.5664,15453.383,5.691406
2022-05-31 10:57:11,185.0859,358.8984,15459.5,5.691406
2022-05-31 10:57:10,180.1523,358.2344,15465.098,5.691406
2022-05-31 10:57:09,185.1484,358.2812,15460.055,5.691406
2022-05-31 10:57:08,178.8555,358.7695,15465.867,5.683594
2022-05-31 10:57:07,197.1914,359.6602,15446.648,5.675781
2022-05-31 10:57:06,177.6172,359.4688,15466.414,5.675781
2022-05-31 10:57:05,171.5586,359.6797,15472.395,5.542969
2022-05-31 10:57:04,190.5352,360.2188,15452.879,5.542969
2022-05-31 10:57:03,186.6758,357.9609,15459.004,5.535156
2022-05-31 10:57:02,190.2695,358.8203,15454.551,5.535156
2022-05-31 10:57:01,183.4609,360.4023,15459.785,5.527344
2022-05-31 10:57:00,179.3672,358.3438,15465.938,5.527344
2022-05-31 10:56:59,184.4336,358.3008,15460.914,5.527344
2022-05-31 10:56:58,179.2305,357.7891,15466.629,5.527344
2022-05-31 10:56:57,197.2266,359.2656,15447.164,5.519531
2022-05-31 10:56:56,178,358.293,15467.371,5.511719
2022-05-31 10:56:55,172.2344,358.2656,15473.164,5.511719
2022-05-31 10:56:54,189.2305,360.7461,15453.688,5.511719
2022-05-31 10:56:53,186.2461,357.9805,15459.438,5.511719
2022-05-31 10:56:52,190.293,358.9922,15454.387,5.503906
2022-05-31 10:56:51,183.8477,359.6719,15460.16,5.496094
2022-05-31 10:56:50,177.0781,360.125,15466.477,5.496094
2022-05-31 10:56:49,183.0742,359.1367,15461.469,5.496094
2022-05-31 10:56:48,178.0117,358.0938,15467.574,5.496094
2022-05-31 10:56:47,169.8164,360.4219,15473.449,5.488281
2022-05-31 10:56:46,190.332,359.7656,15453.598,5.480469
2022-05-31 10:56:45,184.0859,359.6367,15459.973,5.480469
2022-05-31 10:56:44,189.1953,359.7969,15454.703,5.480469
2022-05-31 10:56:43,184.5039,358.6602,15460.531,5.480469
2022-05-31 10:56:42,187.7031,360.4219,15455.578,5.472656
2022-05-31 10:56:41,181.6562,360.3555,15461.699,5.464844
2022-05-31 10:56:40,176.3828,360.1367,15467.191,5.464844
2022-05-31 10:56:39,182.2188,359.2852,15462.207,5.464844
2022-05-31 10:56:38,177.6172,358.0273,15468.066,5.464844
2022-05-31 10:56:37,181.4102,359.6914,15462.609,5.464844
2022-05-31 10:56:36,191.082,358.4375,15454.199,5.457031
2022-05-31 10:56:35,184.7422,358.9492,15460.035,5.449219
2022-05-31 10:56:34,188.5664,359.8672,15455.293,5.449219
2022-05-31 10:56:33,185.2656,357.75,15460.711,5.449219
2022-05-31 10:56:32,179.5039,358.5469,15465.676,5.449219
2022-05-31 10:56:31,183.4492,359.75,15460.535,5.441406
2022-05-31 10:56:30,179.7656,357.8047,15466.172,5.433594
2022-05-31 10:56:29,172.625,355.4219,15475.695,5.433594
2022-05-31 10:56:28,152.47656,355.1016,15496.164,5.433594
2022-05-31 10:56:27,153.60547,355.5547,15494.582,5.433594
2022-05-31 10:56:26,154.57031,356.457,15492.723,5.425781
2022-05-31 10:56:25,153.80859,354.7852,15495.164,5.417969
2022-05-31 10:56:24,153.69141,356.5,15493.566,5.417969
2022-05-31 10:56:23,148.55859,355.4531,15499.746,5.417969
2022-05-31 10:56:22,153.31641,355.9141,15494.527,5.417969
2022-05-31 10:56:21,150.18359,356.3984,15497.184,5.410156
2022-05-31 10:56:20,155.20703,356.8711,15491.695,5.402344
2022-05-31 10:56:19,149.60156,356.293,15497.879,5.402344
2022-05-31 10:56:18,153.25391,357.8008,15492.719,5.402344
2022-05-31 10:56:17,149.61328,355.6797,15498.48,5.402344
2022-05-31 10:56:16,150.16016,356.6445,15496.969,5.402344
2022-05-31 10:56:15,152.16797,355.9492,15495.672,5.386719
2022-05-31 10:56:14,151.53906,357.5664,15494.684,5.386719
2022-05-31 10:56:13,179.9336,356.9102,15466.945,5.386719
2022-05-31 10:56:12,174.3789,356.2383,15473.176,5.382812
2022-05-31 10:56:11,179.6562,356.1523,15467.984,5.382812
2022-05-31 10:56:10,172.8359,357.1797,15473.785,5.375
2022-05-31 10:56:09,167.76562,356.4961,15479.547,5.367188
2022-05-31 10:56:08,193.75,357.7227,15452.336,5.367188
2022-05-31 10:56:07,175.457,355.8906,15472.461,5.367188
2022-05-31 10:56:06,168.9258,356.9453,15477.938,5.367188
2022-05-31 10:56:05,179.8086,355.0898,15468.918,5.359375
2022-05-31 10:56:04,182.7539,357.5859,15463.484,5.351562
2022-05-31 10:56:03,178.6094,355.5781,15469.637,5.351562
2022-05-31 10:56:02,172.418,356.0898,15475.316,5.351562
2022-05-31 10:56:01,166.96484,355.8633,15480.996,5.351562
2022-05-31 10:56:00,187.0742,355.6836,15461.074,5.34375
2022-05-31 10:55:59,181.2695,356.0742,15466.496,5.335938
2022-05-31 10:55:58,175.832,355.7305,15472.277,5.335938
2022-05-31 10:55:57,180.1719,356.3945,15467.273,5.335938
2022-05-31 10:55:56,173.6719,356.9297,15473.238,5.335938
2022-05-31 10:55:55,169.1289,355.9844,15478.734,5.328125
2022-05-31 10:55:54,187.8828,356.8477,15459.125,5.320312
2022-05-31 10:55:53,181.9375,357.418,15464.5,5.320312
2022-05-31 10:55:52,177.0703,356.6719,15470.113,5.320312
2022-05-31 10:55:51,170.3398,357.4023,15476.113,5.320312
2022-05-31 10:55:50,190.8672,356.8633,15456.125,5.320312
2022-05-31 10:55:49,185.3633,356.2461,15462.254,5.3125
2022-05-31 10:55:48,179.9883,355.5352,15468.348,5.304688
2022-05-31 10:55:47,183.332,357.3438,15463.195,5.304688
2022-05-31 10:55:46,178.3555,356.6133,15468.902,5.304688
2022-05-31 10:55:45,181.6406,357.3359,15464.895,5.304688
2022-05-31 10:55:44,178.1719,356.5664,15469.141,5.296875
2022-05-31 10:55:43,172.0977,356.5703,15475.219,5.289062
2022-05-31 10:55:42,191.9961,356.668,15455.223,5.289062
2022-05-31 10:55:41,172.0664,355.7148,15476.105,5.289062
2022-05-31 10:55:40,180.2891,356.4375,15467.16,5.289062
2022-05-31 10:55:39,185.418,356.6289,15461.84,5.289062
2022-05-31 10:55:38,178.4258,357.6523,15467.824,5.273438
2022-05-31 10:55:37,174.3438,356.2734,15473.285,5.273438
2022-05-31 10:55:36,193.0977,356.918,15453.895,5.265625
2022-05-31 10:55:35,186.8867,357.0078,15460.016,5.265625
2022-05-31 10:55:34,167.72656,355.6836,15480.5,5.265625
2022-05-31 10:55:33,186.1016,357.5391,15460.277,5.257812
2022-05-31 10:55:32,180.6055,356.8047,15466.508,5.257812
2022-05-31 10:55:31,174.8594,356.7188,15472.348,5.25
2022-05-31 10:55:30,179.0625,357.5039,15467.359,5.25
2022-05-31 10:55:29,174.8672,355.7578,15473.301,5.25
2022-05-31 10:55:28,193.0859,356.6797,15454.16,5.25
2022-05-31 10:55:27,188.6211,355.6797,15459.633,5.242188
2022-05-31 10:55:26,183.1016,355.2539,15465.578,5.242188
2022-05-31 10:55:25,186.8672,356.6484,15460.426,5.234375
2022-05-31 10:55:24,180.7969,356.8906,15466.254,5.234375
2022-05-31 10:55:23,184.3867,357.9258,15461.629,5.234375
2022-05-31 10:55:22,180.6719,356.1602,15467.117,5.226562
2022-05-31 10:55:21,175.082,355.7266,15473.141,5.226562
2022-05-31 10:55:20,179.9609,355.6562,15468.34,5.21875
2022-05-31 10:55:19,174.2461,355.3828,15474.328,5.21875
2022-05-31 10:55:18,192.2969,357.5078,15454.152,5.21875
2022-05-31 10:55:17,186.4297,357.2617,15460.273,5.210938
2022-05-31 10:55:16,182.3164,355.5469,15466.102,5.210938
2022-05-31 10:55:15,185.8125,356.8516,15461.309,5.203125
2022-05-31 10:55:14,179.7305,357.0547,15467.188,5.203125
2022-05-31 10:55:13,182.7773,356.7891,15464.406,5.203125
2022-05-31 10:55:12,179.7891,355.9258,15468.266,5.195312
2022-05-31 10:55:11,164.46094,354.5586,15484.961,5.195312
2022-05-31 10:55:10,179.8672,355.168,15468.945,5.195312
2022-05-31 10:55:09,147.00391,356.3828,15500.609,5.179688
2022-05-31 10:55:08,144.87109,355.9062,15503.219,5.179688
2022-05-31 10:55:07,153.04688,356.3438,15494.605,5.179688
2022-05-31 10:55:06,154.90234,358.9805,15490.129,5.164062
2022-05-31 10:55:05,147.00391,357.1289,15499.879,5.164062
2022-05-31 10:55:04,149.20703,355.6328,15499.172,5.164062
2022-05-31 10:55:03,152.95312,356.3164,15494.742,5.164062
2022-05-31 10:55:02,157.46094,356.3945,15490.156,5.164062
2022-05-31 10:55:01,150.59375,357.2852,15496.148,5.148438
2022-05-31 10:55:00,148.05859,356.625,15499.344,5.148438
2022-05-31 10:54:59,154.45312,355.6016,15493.973,5.148438
2022-05-31 10:54:58,157.62891,356.668,15489.73,5.148438
2022-05-31 10:54:57,152.46875,355.6094,15495.949,5.148438
2022-05-31 10:54:56,148.92188,356.1484,15498.973,5.132812
2022-05-31 10:54:55,160.16797,356.4297,15487.445,5.132812
2022-05-31 10:54:54,186.1094,357.7656,15460.168,5.132812
2022-05-31 10:54:53,179.8867,357.8281,15466.328,5.132812
2022-05-31 10:54:52,187.75,358.668,15457.625,5.132812
2022-05-31 10:54:51,168.6836,356.6133,15478.762,5.117188
2022-05-31 10:54:50,186.8164,357.8555,15459.387,5.117188
2022-05-31 10:54:49,180.5547,358.0391,15465.465,5.117188
2022-05-31 10:54:48,174.4492,358.1992,15471.41,5.117188
2022-05-31 10:54:47,179.418,357.8867,15466.754,5.117188
2022-05-31 10:54:46,174.082,357.9688,15472.008,5.117188
2022-05-31 10:54:45,177.2812,358.3203,15468.473,5.101562
2022-05-31 10:54:44,188.3945,356.7266,15458.953,5.101562
2022-05-31 10:54:43,182.1055,356.4609,15465.508,5.101562
2022-05-31 10:54:42,174.1328,358.4805,15471.461,5.101562
2022-05-31 10:54:41,179.0312,358.5078,15466.535,5.101562
2022-05-31 10:54:40,173.9297,357.375,15472.785,5.085938
2022-05-31 10:54:39,192.4844,358.1641,15453.441,5.085938
2022-05-31 10:54:38,185.8477,358.6758,15459.57,5.082031
2022-05-31 10:54:37,166.33594,357.1953,15480.562,5.082031
2022-05-31 10:54:36,184.6797,358.8242,15460.59,5.082031
2022-05-31 10:54:35,178.3477,358.832,15466.93,5.066406
2022-05-31 10:54:34,183.1406,358.625,15462.344,5.066406
2022-05-31 10:54:33,177.3242,358.5273,15468.258,5.066406
2022-05-31 10:54:32,172.5,357.1562,15474.453,5.066406
2022-05-31 10:54:31,191.6797,357.0586,15455.371,5.066406
2022-05-31 10:54:30,170.9453,357.0195,15476.16,5.050781
2022-05-31 10:54:29,189.5703,357.7578,15456.797,5.050781
2022-05-31 10:54:28,183.6953,357.4688,15462.961,5.050781
2022-05-31 10:54:27,178.5859,356.6172,15468.922,5.050781
2022-05-31 10:54:26,181.1523,358.2891,15464.684,5.050781
2022-05-31 10:54:25,174.707,358.5547,15470.879,5.035156
2022-05-31 10:54:24,195.3789,357.6719,15451.09,5.035156
2022-05-31 10:54:23,175.1055,356.6484,15472.387,5.035156
2022-05-31 10:54:22,168.332,357.6172,15478.191,5.035156
2022-05-31 10:54:21,186.2734,358.9922,15458.875,5.035156
2022-05-31 10:54:20,181.543,357.3984,15465.199,5.035156
2022-05-31 10:54:19,185.457,358.3594,15460.34,5.019531
2022-05-31 10:54:18,178.9727,358.4961,15466.688,5.019531
2022-05-31 10:54:17,173.8047,357.2031,15473.148,5.019531
2022-05-31 10:54:16,192.4922,357.9727,15453.691,5.019531
2022-05-31 10:54:15,186.5,357.918,15459.738,5.019531
2022-05-31 10:54:14,174.9414,359.2852,15469.938,5.011719
2022-05-31 10:54:13,185.3281,357.0352,15461.809,5.003906
2022-05-31 10:54:12,179.1523,357.2578,15467.762,5.003906
2022-05-31 10:54:11,183.2344,357.7266,15463.211,5.003906
2022-05-31 10:54:10,177.7969,356.9141,15469.461,5.003906
2022-05-31 10:54:09,181.2305,357.6523,15465.297,4.996094
2022-05-31 10:54:08,189.6758,357.8633,15456.648,4.988281
2022-05-31 10:54:07,167.67969,358.7578,15477.75,4.988281
2022-05-31 10:54:06,188.6797,357.293,15458.215,4.988281
2022-05-31 10:54:05,181.043,358.4883,15464.656,4.988281
2022-05-31 10:54:04,186.0938,358.2617,15459.84,4.980469
2022-05-31 10:54:03,179.8398,358.0156,15466.348,4.972656
2022-05-31 10:54:02,174.6328,356.7188,15472.852,4.972656
2022-05-31 10:54:01,178.5781,357.7812,15467.844,4.972656
2022-05-31 10:54:00,173.0508,356.8477,15474.305,4.972656
2022-05-31 10:53:59,191.6367,357.7656,15454.801,4.972656
2022-05-31 10:53:58,186.3555,356.5391,15461.316,4.964844
2022-05-31 10:53:57,180.1172,356.7227,15467.379,4.957031
2022-05-31 10:53:56,184.8633,356.5781,15462.777,4.957031
2022-05-31 10:53:55,178.7773,356.1211,15469.32,4.957031
2022-05-31 10:53:54,182.3398,357.2773,15464.602,4.957031
2022-05-31 10:53:53,176.832,356.5664,15470.828,4.949219
2022-05-31 10:53:52,175.2773,354.9688,15473.98,4.949219
2022-05-31 10:53:51,156.91797,355.5273,15491.789,4.941406
2022-05-31 10:53:50,150.26953,355.7461,15498.219,4.941406
2022-05-31 10:53:49,154.26562,355.4805,15494.488,4.941406
2022-05-31 10:53:48,157.73047,356.082,15490.43,4.933594
2022-05-31 10:53:47,152.16016,356.4727,15495.609,4.933594
2022-05-31 10:53:46,148.94922,355.3438,15499.957,4.925781
2022-05-31 10:53:45,149.04688,355.668,15499.535,4.925781
2022-05-31 10:53:44,152.51953,356.7266,15495.004,4.925781
2022-05-31 10:53:43,153.70703,355.4883,15495.062,4.917969
2022-05-31 10:53:42,154.74609,355.3789,15494.133,4.917969
2022-05-31 10:53:41,151.08984,355.8633,15497.312,4.910156
2022-05-31 10:53:40,152.19531,355.5977,15496.473,4.910156
2022-05-31 10:53:39,156.49219,355.5273,15492.246,4.910156
2022-05-31 10:53:38,156.92188,354.9648,15492.379,4.910156
2022-05-31 10:53:37,149.90234,355.2578,15499.113,4.902344
2022-05-31 10:53:36,186.3477,356.5664,15461.359,4.902344
2022-05-31 10:53:35,180.4336,355.5781,15468.27,4.894531
2022-05-31 10:53:34,171.7031,357.875,15474.703,4.894531
2022-05-31 10:53:33,166.52734,356.7969,15480.957,4.894531
2022-05-31 10:53:32,184.4375,357.7344,15462.117,4.886719
2022-05-31 10:53:31,179.0312,356.7695,15468.488,4.886719
2022-05-31 10:53:30,171.5938,357.7227,15474.98,4.878906
2022-05-31 10:53:29,190.457,358.043,15455.797,4.878906
2022-05-31 10:53:28,184.2227,358.1094,15462.09,4.753906
2022-05-31 10:53:27,178.8008,356.5273,15469.102,4.746094
2022-05-31 10:53:26,181.9609,357.8242,15464.645,4.746094
2022-05-31 10:53:25,177.5234,356.0078,15470.906,4.738281
2022-05-31 10:53:24,169.668,356.9453,15477.824,4.738281
2022-05-31 10:53:23,186.8867,358.9688,15458.582,4.738281
2022-05-31 10:53:22,181.2617,357.7109,15465.473,4.730469
2022-05-31 10:53:21,190.1328,357.0234,15457.289,4.730469
2022-05-31 10:53:20,183.7227,356.9141,15463.816,4.722656
2022-05-31 10:53:19,177.9453,355.8008,15470.707,4.722656
2022-05-31 10:53:18,180.7969,357.2734,15466.383,4.722656
2022-05-31 10:53:17,175.9258,355.4492,15473.086,4.714844
2022-05-31 10:53:16,182.5938,357.1289,15464.738,4.714844
2022-05-31 10:53:15,175.793,356.8594,15471.809,4.714844
2022-05-31 10:53:14,179.8672,357.1211,15467.48,4.707031
2022-05-31 10:53:13,174.5391,355.7852,15474.145,4.707031
2022-05-31 10:53:12,177.082,357.6484,15469.738,4.707031
2022-05-31 10:53:11,185.2422,357.5352,15461.699,4.699219
2022-05-31 10:53:10,179.2812,357.2578,15467.938,4.699219
2022-05-31 10:53:09,186.6445,357.9219,15459.918,4.691406
2022-05-31 10:53:08,166.82422,356.6094,15481.051,4.691406
2022-05-31 10:53:07,186.3945,355.668,15462.422,4.691406
2022-05-31 10:53:06,178.5391,356.5547,15469.398,4.683594
2022-05-31 10:53:05,171.2578,357.4258,15475.809,4.683594
2022-05-31 10:53:04,177.3828,355.1719,15471.938,4.683594
2022-05-31 10:53:03,170.168,355.8008,15478.531,4.675781
2022-05-31 10:53:02,188.9648,356.1523,15459.383,4.675781
2022-05-31 10:53:01,181.1719,357.1367,15466.199,4.667969
2022-05-31 10:53:00,174.3516,357.207,15472.949,4.667969
2022-05-31 10:52:59,192.6016,358.2305,15453.676,4.667969
2022-05-31 10:52:58,187.5,356.2383,15460.777,4.660156
2022-05-31 10:52:57,165.69922,356.7344,15482.082,4.660156
2022-05-31 10:52:56,183.7656,357.8086,15462.949,4.652344
2022-05-31 10:52:55,179.3555,355.3672,15469.801,4.652344
2022-05-31 10:52:54,182.1445,356.6289,15465.75,4.652344
2022-05-31 10:52:53,176.1367,355.957,15472.43,4.652344
2022-05-31 10:52:52,167.48438,357.793,15479.246,4.652344
2022-05-31 10:52:51,186.625,357.5586,15460.348,4.644531
2022-05-31 10:52:50,180.5508,356.668,15467.32,4.636719
2022-05-31 10:52:49,184.6719,357.1172,15462.75,4.636719
2022-05-31 10:52:48,177.6484,357.2344,15469.656,4.636719
2022-05-31 10:52:47,172.6289,355.5898,15476.32,4.636719
2022-05-31 10:52:46,191.582,356.0781,15456.895,4.621094
2022-05-31 10:52:45,183.2656,357.0977,15464.199,4.613281
2022-05-31 10:52:44,187.3516,357.3438,15459.867,4.613281
2022-05-31 10:52:43,180.6484,357.2031,15466.719,4.605469
2022-05-31 10:52:42,174.2305,356.7383,15473.605,4.601562
2022-05-31 10:52:41,179.7656,355.6914,15469.117,4.601562
2022-05-31 10:52:40,172.9688,355.5312,15476.082,4.59375
2022-05-31 10:52:39,191.043,356.8008,15456.738,4.59375
2022-05-31 10:52:38,183.9062,356.6953,15463.992,4.582031
2022-05-31 10:52:37,178.2461,355.5859,15470.762,4.582031
2022-05-31 10:52:36,181.8711,356.0977,15466.625,4.582031
2022-05-31 10:52:35,175.332,355.4062,15473.863,4.574219
2022-05-31 10:52:34,182.5,352.5977,15469.504,4.574219
2022-05-31 10:52:33,152.80078,356.5625,15495.238,4.574219
2022-05-31 10:52:32,154.47266,355.6758,15494.461,4.566406
2022-05-31 10:52:31,149.98828,356.4219,15498.199,4.566406
2022-05-31 10:52:30,154.02344,356.1055,15494.48,4.566406
2022-05-31 10:52:29,148.0625,354.8945,15501.66,4.558594
2022-05-31 10:52:28,151.73047,354.5352,15498.352,4.558594
2022-05-31 10:52:27,152.89062,357.0039,15494.723,4.558594
2022-05-31 10:52:26,146.66797,355.9883,15501.977,4.542969
2022-05-31 10:52:25,152.0625,354.8281,15497.742,4.542969
2022-05-31 10:52:24,151.40625,356.9375,15496.297,4.535156
2022-05-31 10:52:23,154.87109,355.4961,15494.273,4.535156
2022-05-31 10:52:22,150.29688,356.957,15497.387,4.535156
2022-05-31 10:52:21,150.45703,356.4258,15497.766,4.527344
2022-05-31 10:52:20,147.57031,355.3125,15501.766,4.527344
2022-05-31 10:52:19,155.29688,355.4219,15493.938,4.519531
2022-05-31 10:52:18,149.22266,354.3398,15501.094,4.519531
2022-05-31 10:52:17,178.3828,358.3164,15467.957,4.519531
2022-05-31 10:52:16,170.7266,358.9336,15474.996,4.519531
2022-05-31 10:52:15,165.23438,357.9844,15481.445,4.511719
2022-05-31 10:52:14,184.5664,357.2148,15462.891,4.503906
2022-05-31 10:52:13,175.6172,359.8945,15469.16,4.503906
2022-05-31 10:52:12,194.5703,359.4062,15450.695,4.503906
2022-05-31 10:52:11,174.2422,357.6836,15472.746,4.503906
2022-05-31 10:52:10,181.6172,358.2344,15464.82,4.503906
2022-05-31 10:52:09,174.6914,358.582,15471.406,4.496094
2022-05-31 10:52:08,192.8438,359.0625,15452.781,4.488281
2022-05-31 10:52:07,187.0078,357.6836,15459.996,4.488281
2022-05-31 10:52:06,178.957,358.8047,15466.926,4.488281
2022-05-31 10:52:05,172.2539,358.2383,15474.195,4.488281
2022-05-31 10:52:04,189.8867,359.1367,15455.664,4.488281
2022-05-31 10:52:03,184.3086,357.8242,15462.562,4.480469
2022-05-31 10:52:02,175.6719,359.5156,15469.516,4.472656
2022-05-31 10:52:01,179.6602,359.4688,15465.574,4.472656
2022-05-31 10:52:00,173.8398,358.3438,15472.52,4.472656
2022-05-31 10:51:59,166.60547,358.6484,15479.449,4.472656
2022-05-31 10:51:58,185.9297,358.1289,15460.652,4.464844
2022-05-31 10:51:57,177.9961,359.0938,15467.621,4.464844
2022-05-31 10:51:56,180.75,360.2461,15463.723,4.457031
2022-05-31 10:51:55,190.5039,358.5586,15455.656,4.457031
2022-05-31 10:51:54,182.957,358.5078,15463.254,4.457031
2022-05-31 10:51:53,186.25,359.3633,15459.105,4.457031
2022-05-31 10:51:52,180.3906,358.0078,15466.328,4.449219
2022-05-31 10:51:51,172.3555,359.4883,15472.883,4.449219
2022-05-31 10:51:50,192.3242,357.7734,15454.629,4.449219
2022-05-31 10:51:49,183.332,359.5039,15461.898,4.441406
2022-05-31 10:51:48,187.3242,359.3672,15458.043,4.441406
2022-05-31 10:51:47,181.9492,357.9258,15464.867,4.433594
2022-05-31 10:51:46,174.082,358.7852,15471.875,4.433594
2022-05-31 10:51:45,191.4414,360.2422,15453.059,4.433594
2022-05-31 10:51:44,186.6758,357.8516,15460.215,4.433594
2022-05-31 10:51:43,179.0977,357.9961,15467.656,4.425781
2022-05-31 10:51:42,182.4727,358.1992,15464.078,4.425781
2022-05-31 10:51:41,175.6797,358.1719,15470.906,4.417969
2022-05-31 10:51:40,193.4727,359.3984,15451.887,4.417969
2022-05-31 10:51:39,186.9531,358.3398,15459.465,4.417969
2022-05-31 10:51:38,180.1328,358.2148,15466.41,4.417969
2022-05-31 10:51:37,183.5117,358.5703,15462.676,4.417969
2022-05-31 10:51:36,176.0547,359.0234,15469.695,4.402344
2022-05-31 10:51:35,194.1914,359.168,15451.414,4.402344
2022-05-31 10:51:34,187.0469,359.3672,15458.359,4.402344
2022-05-31 10:51:33,181.457,357.918,15465.398,4.402344
2022-05-31 10:51:32,185.7773,358.0781,15460.918,4.402344
2022-05-31 10:51:31,176.625,359.2227,15468.941,4.386719
2022-05-31 10:51:30,196.1211,358.8828,15449.785,4.386719
2022-05-31 10:51:29,185.75,357.8789,15461.16,4.386719
2022-05-31 10:51:28,178.2031,358.6797,15467.906,4.386719
2022-05-31 10:51:27,181.6992,358.7109,15464.379,4.386719
2022-05-31 10:51:26,174.1055,358.8359,15471.848,4.386719
2022-05-31 10:51:25,192.1133,359.8008,15452.883,4.378906
2022-05-31 10:51:24,186.5273,357.9805,15460.297,4.371094
2022-05-31 10:51:23,179.3594,357.9609,15467.484,4.371094
2022-05-31 10:51:22,182.6523,358.2578,15463.895,4.371094
2022-05-31 10:51:21,176.3711,357.5781,15470.855,4.371094
2022-05-31 10:51:20,193.1562,358.8281,15452.828,4.363281
2022-05-31 10:51:19,185.1797,359.7852,15459.848,4.363281
2022-05-31 10:51:18,178.25,359.5469,15467.023,4.355469
2022-05-31 10:51:17,181.7227,359.7383,15463.359,4.355469
2022-05-31 10:51:16,175.2461,358.6133,15470.961,4.355469
2022-05-31 10:51:15,184.3008,354.1992,15466.32,4.355469
2022-05-31 10:51:14,181.6758,356.1797,15466.973,4.347656
2022-05-31 10:51:13,136.17188,353.1484,15515.508,4.347656
2022-05-31 10:51:12,141.53125,354.9648,15508.34,4.339844
2022-05-31 10:51:11,152.16016,355.2539,15497.422,4.339844
2022-05-31 10:51:10,157.58984,356.7422,15490.504,4.339844
2022-05-31 10:51:09,150.3125,356.293,15498.238,4.332031
2022-05-31 10:51:08,153.01953,357.0859,15494.738,4.332031
2022-05-31 10:51:07,153.02734,356.5352,15495.281,4.332031
2022-05-31 10:51:06,146.96094,355.3359,15502.555,4.324219
2022-05-31 10:51:05,150.28516,354.9258,15499.641,4.324219
2022-05-31 10:51:04,153.87891,354.9531,15496.027,4.316406
2022-05-31 10:51:03,151.14453,356.9258,15496.789,4.316406
2022-05-31 10:51:02,148.67578,355.293,15500.891,4.316406
2022-05-31 10:51:01,155.43359,355.7695,15493.656,4.316406
2022-05-31 10:51:00,151.91797,355.0977,15497.844,4.316406
2022-05-31 10:50:59,148.58594,358.0312,15498.25,4.308594
2022-05-31 10:50:58,182.6172,357.418,15464.84,4.300781
2022-05-31 10:50:57,175.3789,357.1523,15472.344,4.300781
2022-05-31 10:50:56,191.5508,359.4297,15453.895,4.300781
2022-05-31 10:50:55,184.2852,359.3594,15461.23,4.300781
2022-05-31 10:50:54,178.8906,357.2656,15468.727,4.292969
2022-05-31 10:50:53,170.5898,357.9102,15476.391,4.285156
2022-05-31 10:50:52,188.8711,357.8281,15458.191,4.285156
2022-05-31 10:50:51,182.0352,357.6094,15465.246,4.285156
2022-05-31 10:50:50,174.2109,357.7266,15472.953,4.285156
2022-05-31 10:50:49,192.3164,357.8125,15454.77,4.277344
2022-05-31 10:50:48,183.9141,358.9609,15462.031,4.269531
2022-05-31 10:50:47,177.6797,357.8828,15469.344,4.269531
2022-05-31 10:50:46,180.8711,358.4961,15465.539,4.269531
2022-05-31 10:50:45,187.9609,358.6133,15458.332,4.269531
2022-05-31 10:50:44,181.2227,357.8828,15465.801,4.269531
2022-05-31 10:50:43,184.5078,358.3359,15462.074,4.257812
2022-05-31 10:50:42,177.0781,357.4844,15470.359,4.253906
2022-05-31 10:50:41,169.8633,357.2695,15477.789,4.253906
2022-05-31 10:50:40,177.1445,357.5977,15470.18,4.253906
2022-05-31 10:50:39,180.9062,357.5078,15466.508,4.253906
2022-05-31 10:50:38,172.832,358.2461,15473.867,4.230469
2022-05-31 10:50:37,164.30078,358.8984,15481.754,4.222656
2022-05-31 10:50:36,183.1016,358.4141,15463.445,4.214844
2022-05-31 10:50:35,176.8672,357.2773,15470.816,4.214844
2022-05-31 10:50:34,169.8203,357.3164,15477.824,4.214844
2022-05-31 10:50:33,186.8516,358.4609,15459.648,4.214844
2022-05-31 10:50:32,180.707,356.9766,15467.285,4.207031
2022-05-31 10:50:31,170.8398,359.3086,15474.828,4.199219
2022-05-31 10:50:30,180.1211,357.3867,15467.469,4.199219
2022-05-31 10:50:29,183.0352,357.9336,15464.008,4.199219
2022-05-31 10:50:28,175.8281,357.6133,15471.535,4.199219
2022-05-31 10:50:27,182.2188,358.7617,15464.004,4.191406
2022-05-31 10:50:26,184.0859,359.168,15461.738,4.183594
2022-05-31 10:50:25,179.4922,356.8867,15468.613,4.183594
2022-05-31 10:50:24,186.4648,356.9258,15461.602,4.183594
2022-05-31 10:50:23,178.5039,357.1836,15469.305,4.183594
2022-05-31 10:50:22,179.9727,359.0742,15465.953,4.175781
2022-05-31 10:50:21,188.5781,358.125,15458.297,4.175781
2022-05-31 10:50:20,181.6484,357.7227,15465.629,4.175781
2022-05-31 10:50:19,173.8594,357.5547,15473.594,4.167969
2022-05-31 10:50:18,191.3398,358.4023,15455.266,4.167969
2022-05-31 10:50:17,181.9141,359.6953,15463.398,4.167969
2022-05-31 10:50:16,176.2344,358.332,15470.449,4.160156
2022-05-31 10:50:15,179.8086,359.3984,15465.809,4.160156
2022-05-31 10:50:14,186.9375,358.1016,15459.977,4.160156
2022-05-31 10:50:13,178.7617,358.6328,15467.629,4.152344
2022-05-31 10:50:12,171.4766,357.9688,15475.578,4.152344
2022-05-31 10:50:11,188.4453,359.0859,15457.5,4.144531
2022-05-31 10:50:10,182.4727,357.7305,15464.828,4.144531
2022-05-31 10:50:09,174.4531,358.2266,15472.352,4.144531
2022-05-31 10:50:08,180.8438,358.8477,15465.348,4.136719
2022-05-31 10:50:07,183.0312,359.8359,15462.172,4.136719
2022-05-31 10:50:06,191.3086,358.3125,15455.426,4.128906
2022-05-31 10:50:05,182.1055,359.7695,15463.172,4.128906
2022-05-31 10:50:04,176.0977,358.168,15470.781,4.128906
2022-05-31 10:50:03,192.7461,359.6367,15452.672,4.121094
2022-05-31 10:50:02,187.1094,357.7969,15460.148,4.121094
2022-05-31 10:50:01,178.2266,358.7695,15468.066,4.113281
2022-05-31 10:50:00,182.9141,357.3164,15464.832,4.113281
2022-05-31 10:49:59,174.6367,358.3125,15472.113,4.113281
2022-05-31 10:49:58,167.35938,357.7305,15479.973,4.113281
2022-05-31 10:49:57,186.7305,356.3906,15461.949,4.105469
2022-05-31 10:49:56,163.95703,356.1484,15484.965,4.105469
2022-05-31 10:49:55,156.53516,356.1914,15492.344,4.105469
2022-05-31 10:49:54,138.44141,354.9805,15511.656,4.097656
2022-05-31 10:49:53,138.23438,354.5234,15512.32,4.097656
2022-05-31 10:49:52,143.51562,355.4688,15506.094,4.097656
2022-05-31 10:49:51,143.23047,355.0938,15506.762,4.089844
2022-05-31 10:49:50,149.34375,355.3477,15500.395,4.089844
2022-05-31 10:49:49,144.34766,355.5156,15505.23,4.082031
2022-05-31 10:49:48,146.10547,357.0273,15501.961,4.082031
2022-05-31 10:49:47,148.63672,356.9375,15499.52,4.082031
2022-05-31 10:49:46,153.44141,354.9844,15496.676,4.074219
2022-05-31 10:49:45,147.57031,356.5508,15500.98,4.074219
2022-05-31 10:49:44,149.51172,357.2969,15498.301,4.066406
2022-05-31 10:49:43,153.96875,356.1562,15494.984,4.066406
2022-05-31 10:49:42,151.54688,358.1328,15495.43,4.066406
2022-05-31 10:49:41,150.60547,357.9883,15496.516,4.066406
2022-05-31 10:49:40,158.42188,357.2266,15489.469,4.058594
2022-05-31 10:49:39,184.4062,356.582,15464.129,4.058594
2022-05-31 10:49:38,176.8789,355.7969,15472.449,4.050781
2022-05-31 10:49:37,168.8086,356.0312,15480.285,4.050781
2022-05-31 10:49:36,186.168,356.7344,15462.223,4.050781
2022-05-31 10:49:35,177.9141,357.0742,15470.137,4.050781
2022-05-31 10:49:34,171.6914,355.6094,15477.824,4.050781
2022-05-31 10:49:33,188.3711,356.7422,15460.02,4.042969
2022-05-31 10:49:32,169.1211,356.7539,15479.266,4.035156
2022-05-31 10:49:31,175.9414,356.8242,15472.375,4.035156
2022-05-31 10:49:30,169.6875,354.8359,15480.617,4.035156
2022-05-31 10:49:29,186.6602,356.2578,15462.223,4.035156
2022-05-31 10:49:28,177.5781,357.0117,15470.551,4.035156
2022-05-31 10:49:27,170.7539,355.3984,15479.008,4.015625
2022-05-31 10:49:26,177.6836,355.6641,15471.82,4.007812
2022-05-31 10:49:25,169.6289,355.5742,15479.965,4.007812
2022-05-31 10:49:24,186.3711,356.6367,15462.16,4.007812
2022-05-31 10:49:23,178.9492,356.0977,15470.121,4.007812
2022-05-31 10:49:22,171.3281,355.6211,15478.227,4
2022-05-31 10:49:21,189.2383,355.6992,15460.246,3.992188
2022-05-31 10:49:20,180.9766,355.9102,15468.297,3.992188
2022-05-31 10:49:19,182.7422,356.8164,15465.625,3.992188
2022-05-31 10:49:18,176.0273,355.7734,15473.383,3.992188
2022-05-31 10:49:17,182.3906,356.1562,15466.637,3.992188
2022-05-31 10:49:16,174.7383,355.8359,15474.625,3.976562
2022-05-31 10:49:15,191.3086,356.9883,15456.91,3.96875
2022-05-31 10:49:14,172.2891,356.707,15476.211,3.96875
2022-05-31 10:49:13,191.1094,356.0234,15458.074,3.96875
2022-05-31 10:49:12,182.625,356.3008,15466.281,3.96875
2022-05-31 10:49:11,175.2188,355.5938,15474.395,3.96875
2022-05-31 10:49:10,177.3945,356.1328,15471.688,3.960938
2022-05-31 10:49:09,184.707,356.0586,15464.457,3.953125
2022-05-31 10:49:08,175.4844,356.5586,15473.184,3.949219
2022-05-31 10:49:07,183.0312,356.0898,15466.105,3.949219
2022-05-31 10:49:06,174.8867,355.9102,15474.43,3.949219
2022-05-31 10:49:05,167.21484,355.4375,15482.582,3.941406
2022-05-31 10:49:04,173.668,355.6406,15475.926,3.941406
2022-05-31 10:49:03,190.9492,356.1836,15458.109,3.933594
2022-05-31 10:49:02,183.6953,355.4531,15466.094,3.933594
2022-05-31 10:49:01,185.668,356.1211,15463.453,3.933594
2022-05-31 10:49:00,176.7969,356.8945,15471.684,3.800781
2022-05-31 10:48:59,170.1445,355.125,15480.105,3.800781
2022-05-31 10:48:58,187.5938,355.4375,15462.352,3.792969
2022-05-31 10:48:57,179.8281,355.5352,15470.02,3.792969
2022-05-31 10:48:56,169.2148,357.7422,15478.426,3.792969
2022-05-31 10:48:55,188.125,356.3516,15460.906,3.792969
2022-05-31 10:48:54,180.5977,355.875,15468.918,3.785156
2022-05-31 10:48:53,182.5078,356.6445,15466.238,3.785156
2022-05-31 10:48:52,174.9648,356.0703,15474.363,3.777344
2022-05-31 10:48:51,166.57031,356.2969,15482.531,3.777344
2022-05-31 10:48:50,183.7578,356.5039,15465.137,3.777344
2022-05-31 10:48:49,177.0703,354.8047,15473.523,3.777344
2022-05-31 10:48:48,193.4492,356.2344,15455.715,3.777344
2022-05-31 10:48:47,187.3242,354.25,15463.832,3.769531
2022-05-31 10:48:46,178.543,355.0312,15471.832,3.769531
2022-05-31 10:48:45,180.582,355.7656,15469.07,3.757812
2022-05-31 10:48:44,172.2969,355.8008,15477.32,3.757812
2022-05-31 10:48:43,189.9766,355.8945,15459.551,3.753906
2022-05-31 10:48:42,182.9531,354.8008,15467.676,3.746094
2022-05-31 10:48:41,174.7773,354.3672,15476.285,3.746094
2022-05-31 10:48:40,190.3203,356.5938,15458.523,3.738281
2022-05-31 10:48:39,183.8359,354.8438,15466.758,3.738281
2022-05-31 10:48:38,183.5391,355.8281,15466.07,3.738281
2022-05-31 10:48:37,192.8945,355.4844,15457.066,3.730469
2022-05-31 10:48:36,183.125,357.0508,15465.27,3.730469
2022-05-31 10:48:35,136.55078,354.7578,15514.152,3.714844
2022-05-31 10:48:34,135.28125,354.5664,15515.613,3.714844
2022-05-31 10:48:33,136.31641,355.9414,15513.203,3.714844
2022-05-31 10:48:32,141.92188,356.3203,15507.219,3.714844
2022-05-31 10:48:31,141.16016,355.8242,15508.477,3.714844
2022-05-31 10:48:30,140.85938,354.7383,15509.879,3.699219
2022-05-31 10:48:29,142.71094,355.1758,15507.59,3.699219
2022-05-31 10:48:28,142.11719,354.2148,15509.145,3.699219
2022-05-31 10:48:27,144.77344,354.1641,15506.539,3.699219
2022-05-31 10:48:26,148.36328,355.9102,15501.203,3.699219
2022-05-31 10:48:25,148.94922,355.207,15501.32,3.699219
2022-05-31 10:48:24,150.60938,355.7891,15499.086,3.691406
2022-05-31 10:48:23,146.9375,357.9648,15500.59,3.683594
2022-05-31 10:48:22,148.51562,355.6172,15501.359,3.683594
2022-05-31 10:48:21,154.10547,356.4258,15494.961,3.683594
2022-05-31 10:48:20,187.7734,358.5859,15459.133,3.683594
2022-05-31 10:48:19,180.6211,357.0664,15467.812,3.675781
2022-05-31 10:48:18,170.6289,358.6484,15476.234,3.664062
2022-05-31 10:48:17,174.8984,358.1875,15472.426,3.664062
2022-05-31 10:48:16,194.3477,359.0625,15452.102,3.664062
2022-05-31 10:48:15,186.8633,358.3359,15460.312,3.664062
2022-05-31 10:48:14,178.8086,358.0039,15468.707,3.65625
2022-05-31 10:48:13,181.4414,358.1992,15465.879,3.65625
2022-05-31 10:48:12,173.8672,357.0234,15474.637,3.648438
2022-05-31 10:48:11,189.5156,358.8516,15457.16,3.648438
2022-05-31 10:48:10,182.2773,357.8281,15465.422,3.648438
2022-05-31 10:48:09,188.7305,357.6367,15459.16,3.648438
2022-05-31 10:48:08,180.5391,357.3633,15467.633,3.640625
2022-05-31 10:48:07,183.2969,357.1992,15465.039,3.640625
2022-05-31 10:48:06,174.5391,357.6445,15473.352,3.640625
2022-05-31 10:48:05,180.6523,358.2812,15466.609,3.632812
2022-05-31 10:48:04,182.7188,358.5273,15464.297,3.632812
2022-05-31 10:48:03,189.8008,357.9023,15457.848,3.625
2022-05-31 10:48:02,166.57031,358.1016,15480.879,3.625
2022-05-31 10:48:01,184.1719,358.1055,15463.273,3.625
2022-05-31 10:48:00,176.2578,357.3711,15471.922,3.625
2022-05-31 10:47:59,192.8594,358.2891,15454.41,3.617188
2022-05-31 10:47:58,185.332,357.2305,15462.996,3.617188
2022-05-31 10:47:57,176.0781,358.0742,15471.414,3.609375
2022-05-31 10:47:56,192.4492,358.9883,15454.129,3.609375
2022-05-31 10:47:55,184.5352,358.5586,15462.473,3.609375
2022-05-31 10:47:54,176.9453,357.7578,15470.863,3.609375
2022-05-31 10:47:53,193.332,358.918,15453.324,3.601562
2022-05-31 10:47:52,184.4961,359.2188,15461.867,3.59375
2022-05-31 10:47:51,177.582,357.6289,15470.371,3.59375
2022-05-31 10:47:50,195.0078,357.75,15452.824,3.59375
2022-05-31 10:47:49,185.0977,358.7891,15461.695,3.59375
2022-05-31 10:47:48,178.3867,357.1719,15470.023,3.59375
2022-05-31 10:47:47,179.0195,358.6562,15467.922,3.578125
2022-05-31 10:47:46,171.8125,357.1992,15476.586,3.578125
2022-05-31 10:47:45,187.7852,358.5508,15459.262,3.578125
2022-05-31 10:47:44,180.3945,357.4453,15467.758,3.578125
2022-05-31 10:47:43,170.8945,358.0977,15476.605,3.578125
2022-05-31 10:47:42,188.9727,357.6172,15459.008,3.578125
2022-05-31 10:47:41,181.2461,357.0273,15467.332,3.570312
2022-05-31 10:47:40,171.0703,358.2344,15476.301,3.570312
2022-05-31 10:47:39,189.9805,356.9531,15458.68,3.5625
2022-05-31 10:47:38,166.96094,356.4531,15482.199,3.5625
2022-05-31 10:47:37,184.3516,356.7539,15464.508,3.5625
2022-05-31 10:47:36,176.5625,356.5078,15472.543,3.5625
2022-05-31 10:47:35,190.6992,359.0781,15455.844,3.554688
2022-05-31 10:47:34,183.7578,357.8711,15464,3.546875
2022-05-31 10:47:33,175.8711,357.0195,15472.738,3.546875
2022-05-31 10:47:32,193.4883,356.6367,15455.504,3.546875
2022-05-31 10:47:31,183.9023,358.0703,15463.656,3.546875
2022-05-31 10:47:30,186.832,357.6719,15461.133,3.539062
2022-05-31 10:47:29,179.1484,356.7812,15469.715,3.53125
2022-05-31 10:47:28,169.0469,358.0625,15478.535,3.53125
2022-05-31 10:47:27,188.1602,356.6289,15460.855,3.53125
2022-05-31 10:47:26,180.0156,356.3047,15469.324,3.53125
2022-05-31 10:47:25,170.5938,357.1328,15477.918,3.53125
2022-05-31 10:47:24,186.7344,358.1602,15460.766,3.515625
2022-05-31 10:47:23,178.2773,358.5742,15468.809,3.515625
2022-05-31 10:47:22,195.0352,358.4297,15452.195,3.515625
2022-05-31 10:47:21,188.9141,356.6914,15460.055,3.515625
2022-05-31 10:47:20,180.7656,355.8945,15469.004,3.511719
2022-05-31 10:47:19,181.0781,357.9336,15466.66,3.503906
2022-05-31 10:47:18,174.0859,356.6953,15474.891,3.503906
2022-05-31 10:47:17,190.8086,356.9258,15457.945,3.496094
2022-05-31 10:47:16,180.332,358.4609,15466.887,3.496094
2022-05-31 10:47:15,140.77344,355.7383,15509.168,3.496094
2022-05-31 10:47:14,135.21094,355.8516,15514.617,3.496094
2022-05-31 10:47:13,136.0625,357.2734,15512.352,3.488281
2022-05-31 10:47:12,136.25391,355.3438,15514.098,3.480469
2022-05-31 10:47:11,144.56641,356.5352,15504.598,3.476562
2022-05-31 10:47:10,142.22266,357.6484,15505.828,3.476562
2022-05-31 10:47:09,144.19922,357.5117,15503.988,3.476562
2022-05-31 10:47:08,143.99219,356.4336,15505.281,3.46875
2022-05-31 10:47:07,144.96484,357.0547,15503.695,3.460938
2022-05-31 10:47:06,138.8125,354.7656,15512.137,3.460938
2022-05-31 10:47:05,143.90234,354.9805,15506.832,3.460938
2022-05-31 10:47:04,152.67578,355.9453,15497.094,3.460938
2022-05-31 10:47:03,149.33203,354.0664,15502.324,3.453125
2022-05-31 10:47:02,151.23828,354.3945,15500.09,3.453125
2022-05-31 10:47:01,156.66406,354.7969,15494.262,3.453125
2022-05-31 10:47:00,189.5547,353.7812,15462.395,3.445312
2022-05-31 10:46:59,181.7656,353.3086,15470.656,3.445312
2022-05-31 10:46:58,172.5625,353.7773,15479.391,3.445312
2022-05-31 10:46:57,187.2734,356.418,15462.047,3.4375
2022-05-31 10:46:56,180.6016,354.3203,15470.816,3.4375
2022-05-31 10:46:55,171.582,354.4531,15479.703,3.4375
2022-05-31 10:46:54,188.707,354.9922,15462.051,3.425781
2022-05-31 10:46:53,181.0547,353.7109,15470.984,3.425781
2022-05-31 10:46:52,170.3398,355.5781,15479.832,3.425781
2022-05-31 10:46:51,188.0039,354.7852,15462.969,3.417969
2022-05-31 10:46:50,179.1367,355.1094,15471.512,3.417969
2022-05-31 10:46:49,170.9648,354.8047,15479.988,3.417969
2022-05-31 10:46:48,189.5508,353.8242,15462.383,3.417969
2022-05-31 10:46:47,180.8359,353.3047,15471.625,3.410156
2022-05-31 10:46:46,171.9023,353.3594,15480.512,3.402344
2022-05-31 10:46:45,187.918,354.5547,15463.301,3.402344
2022-05-31 10:46:44,179.6836,354.1367,15471.953,3.402344
2022-05-31 10:46:43,180.1797,356.1641,15469.43,3.402344
2022-05-31 10:46:42,188.4023,353.7188,15463.66,3.394531
2022-05-31 10:46:41,179.0273,354.5781,15472.176,3.394531
2022-05-31 10:46:40,169.2695,355.5742,15480.945,3.386719
2022-05-31 10:46:39,188.1484,353.7227,15463.918,3.386719
2022-05-31 10:46:38,184.8477,355.6875,15465.254,3.386719
2022-05-31 10:46:37,177.2891,354.9102,15473.59,3.386719
2022-05-31 10:46:36,193.6914,355.2539,15456.852,3.378906
2022-05-31 10:46:35,184.8828,355.0391,15465.875,3.378906
2022-05-31 10:46:34,177.3242,354.0508,15474.43,3.371094
2022-05-31 10:46:33,181.9102,355.2031,15468.691,3.371094
2022-05-31 10:46:32,185.3359,354.3984,15466.07,3.371094
2022-05-31 10:46:31,176.8789,354.0664,15475.012,3.21875
2022-05-31 10:46:30,168.5352,353.8008,15483.621,3.21875
2022-05-31 10:46:29,185.7969,353.6328,15466.543,3.203125
2022-05-31 10:46:28,176.7188,354.0898,15475.164,3.203125
2022-05-31 10:46:27,167.47656,353.8125,15484.684,3.203125
2022-05-31 10:46:26,185.0352,354,15466.938,3.203125
2022-05-31 10:46:25,190.9023,353.9336,15461.137,3.203125
2022-05-31 10:46:24,182.0664,353.8555,15470.066,3.1875
2022-05-31 10:46:23,171.9062,355.1797,15478.902,3.1875
2022-05-31 10:46:22,178.375,355.0703,15472.543,3.1875
2022-05-31 10:46:21,185.6875,353.4062,15466.895,3.1875
2022-05-31 10:46:20,175.7422,354.5625,15475.684,3.1875
2022-05-31 10:46:19,192.2812,354.625,15459.098,3.171875
2022-05-31 10:46:18,184.2734,353.7109,15468.02,3.171875
2022-05-31 10:46:17,185.4336,355.043,15465.527,3.171875
2022-05-31 10:46:16,177.9688,353.6602,15474.375,3.171875
2022-05-31 10:46:15,184.4805,353.3125,15468.211,3.171875
2022-05-31 10:46:14,184.5938,355.1602,15466.25,3.171875
2022-05-31 10:46:13,177.0977,353.5469,15475.375,3.15625
2022-05-31 10:46:12,166.81641,354.5742,15484.629,3.15625
2022-05-31 10:46:11,173.2852,354.3906,15478.344,3.15625
2022-05-31 10:46:10,189.5273,354.9414,15461.551,3.15625
2022-05-31 10:46:09,180.9023,354.7148,15470.402,3.15625
2022-05-31 10:46:08,171.6328,354.7578,15479.629,3.15625
2022-05-31 10:46:07,188.8086,354.6055,15462.621,3.140625
2022-05-31 10:46:06,177.0469,354.3516,15474.645,3.132812
2022-05-31 10:46:05,172.4102,354.7539,15478.879,3.132812
2022-05-31 10:46:04,187.6875,354.7773,15463.578,3.132812
2022-05-31 10:46:03,177.8086,354.2695,15473.836,3.261719
2022-05-31 10:46:02,194.3555,372.7656,15438.801,3.253906
2022-05-31 10:46:01,185.6992,371.3008,15448.93,3.246094
2022-05-31 10:46:00,184.707,373.4922,15447.73,3.246094
2022-05-31 10:45:59,190.5156,371.7227,15443.508,3.429688
2022-05-31 10:45:58,171.6328,372.4766,15461.633,3.433594
2022-05-31 10:45:57,190.1367,374.2578,15441.348,3.433594
2022-05-31 10:45:56,305.6523,356.6875,15343.258,3.578125
2022-05-31 10:45:55,497.625,356.6367,15151.336,3.578125
2022-05-31 10:45:54,690.9023,355.4883,14959.207,3.578125
2022-05-31 10:45:53,882.5391,355.9336,14767.125,3.578125
2022-05-31 10:45:52,1074.1328,356.6367,14574.828,3.578125
2022-05-31 10:45:51,1266.2188,355.918,14383.461,3.578125
2022-05-31 10:45:50,1458.3164,355.8477,14191.449,3.5625
2022-05-31 10:45:49,1650.1406,356.418,13999.055,3.5625
2022-05-31 10:45:48,1842.621,355.7148,13807.277,3.5625
2022-05-31 10:45:47,2034.844,355.6758,13615.094,3.5625
2022-05-31 10:45:46,2226.402,355.75,13423.461,3.5625
2022-05-31 10:45:45,2418.711,355.5391,13231.371,3.554688
2022-05-31 10:45:44,2610.422,355.5977,13039.613,3.542969
2022-05-31 10:45:43,2802.543,355.5547,12847.535,3.542969
2022-05-31 10:45:42,2994.551,355.793,12655.289,3.542969
2022-05-31 10:45:41,3182.656,359.6172,12463.359,3.542969
2022-05-31 10:45:40,3374.324,360.0703,12271.238,3.542969
2022-05-31 10:45:39,3565.961,360.1797,12079.508,3.527344
2022-05-31 10:45:38,3758.105,360.375,11887.168,3.527344
2022-05-31 10:45:37,3949.68,360.5664,11695.402,3.527344
2022-05-31 10:45:36,4141.84,360.7539,11503.055,3.527344
2022-05-31 10:45:35,4334.215,360.2578,11311.176,3.527344
2022-05-31 10:45:34,4525.574,360.5898,11119.484,3.527344
2022-05-31 10:45:33,4718.148,360.0859,10927.43,3.511719
2022-05-31 10:45:32,4910.094,360.2969,10735.273,3.511719
2022-05-31 10:45:31,5102.484,359.8086,10543.371,3.511719
2022-05-31 10:45:30,5293.906,360.3008,10351.457,3.511719
2022-05-31 10:45:29,5486.527,359.6797,10159.457,3.511719
2022-05-31 10:45:28,5678.457,359.9648,9967.242,3.511719
2022-05-31 10:45:27,5870.617,359.6211,9775.426,3.511719
2022-05-31 10:45:26,6062.285,360.0547,9583.34,3.496094
2022-05-31 10:45:25,6254.691,359.8594,9391.133,3.492188
2022-05-31 10:45:24,6446.852,359.4531,9199.379,3.492188
2022-05-31 10:45:23,6638.195,360.4883,9007.004,3.488281
2022-05-31 10:45:22,6830.402,359.9414,8815.344,3.488281
2022-05-31 10:45:21,7022.777,359.6914,8623.219,3.488281
2022-05-31 10:45:20,7214.691,359.6172,8431.395,3.472656
2022-05-31 10:45:19,7406.098,360.2734,8239.332,3.472656
2022-05-31 10:45:18,7598.488,360.0273,8047.188,3.472656
2022-05-31 10:45:17,7790.309,360.2422,7855.156,3.46875
2022-05-31 10:45:16,7982.469,359.9375,7663.301,3.46875
2022-05-31 10:45:15,8174.059,360.4414,7471.207,3.46875
2022-05-31 10:45:14,8366.465,360.1797,7279.074,3.457031
2022-05-31 10:45:13,8558.395,360.5625,7086.77,3.449219
2022-05-31 10:45:12,8750.523,359.7422,6895.461,3.449219
2022-05-31 10:45:11,8942.176,360.3477,6703.203,3.449219
2022-05-31 10:45:10,9134.043,360.1172,6511.57,3.445312
2022-05-31 10:45:09,9326.543,360.5625,6318.625,3.445312
2022-05-31 10:45:08,9518.672,359.7617,6127.312,3.429688
2022-05-31 10:45:07,9710.848,359.875,5935.023,3.429688
2022-05-31 10:45:06,9903.223,359.3594,5743.164,3.429688
2022-05-31 10:45:05,10094.875,359.7266,5551.145,3.429688
2022-05-31 10:45:04,10287.266,359.2266,5359.254,3.429688
2022-05-31 10:45:03,10479.164,359.3789,5167.203,3.429688
2022-05-31 10:45:02,10671.062,359.7266,4974.973,3.414062
2022-05-31 10:45:01,10862.961,359.5039,4783.297,3.414062
2022-05-31 10:45:00,11054.812,359.7227,4591.23,3.410156
2022-05-31 10:44:59,11246.68,359.8945,4399.191,3.410156
2022-05-31 10:44:58,11438.285,360.0469,4207.441,3.402344
2022-05-31 10:44:57,11630.445,360.0898,4015.238,3.402344
2022-05-31 10:44:56,11822.098,360.4805,3823.195,3.402344
2022-05-31 10:44:55,12014.766,359.7305,3631.293,3.386719
2022-05-31 10:44:54,12206.711,360.0156,3439.062,3.386719
2022-05-31 10:44:53,12398.855,359.8672,3247.066,3.386719
2022-05-31 10:44:52,12591.633,359.2578,3054.898,3.386719
2022-05-31 10:44:51,12783.531,359.1758,2863.082,3.386719
2022-05-31 10:44:50,12975.938,359.0273,2670.824,3.386719
2022-05-31 10:44:49,13167.574,359.4492,2478.781,3.371094
2022-05-31 10:44:48,13359.719,358.957,2287.129,3.371094
2022-05-31 10:44:47,13552.062,358.4648,2095.277,3.371094
2022-05-31 10:44:46,13743.445,359.457,1902.902,3.371094
2022-05-31 10:44:45,13935.82,358.8672,1711.121,3.367188
2022-05-31 10:44:44,14128.012,358.8594,1518.9375,3.367188
2022-05-31 10:44:43,14320.418,358.0469,1327.3555,3.355469
2022-05-31 10:44:42,14502.016,368.1289,1135.6836,3.347656
2022-05-31 10:44:41,14694.145,368.375,943.3242,3.332031
2022-05-31 10:44:40,14886.535,367.8125,751.4961,3.332031
2022-05-31 10:44:39,15078.988,367.5742,559.2969,3.316406
2022-05-31 10:44:38,15396.48,366.25,243.3672,3.078125
2022-05-31 10:44:37,15426.176,359.5898,220.6523,2.757812
2022-05-31 10:44:36,15428.984,359.6484,218.1133,2.429688
2022-05-31 10:44:35,15428.738,359.8945,218.1133,2.429688
